tile,lvl1_group,fragment_index,frag_start,frag_end,frag_length,fwd_primer,rev_primer,fwd_tm,rev_tm
2,0,0,14079,14838,759,CGTCTCNTCGCTCGCCCTATAAACGGGTAATTATAC,TCGCCCGCAAGACGGATGCGATCTCCAGTGTCCACCCCTGC,38.5,54.9
2,0,1,14838,18890,4052,GCAGGGGTGGACACTGGAGATCGCATCCGTCTTGCGGGCGA,CCCAGCTCGCTGGGTTCGAGGCCACGTCCCTTGCGTTTAAA,54.9,54.9
2,0,2,18890,21079,2189,TTTAAACGCAAGGGACGTGGCCTCGAACCCAGCGAGCTGGG,CGTCTCNCTTGCTTGGCTAATATCAAATCAGCTAAG,54.9,46.7
8,0,0,57109,59027,1918,CGTCTCNACGTACGTTGATTTTATTGTTCCATCATC,AGGTTAGCATTCCACCCAGGACTCTCATAAAGGATATCATT,38.5,48.7
8,0,1,59027,63264,4237,AATGATATCCTTTATGAGAGTCCTGGGTGGAATGCTAACCT,CGTCTCNATGCATGCCTTTTACACTTGGTCAACGCT,48.7,44.6
9,0,0,63264,67833,4569,CGTCTCNATGTATGTGTTCGGCTCTATATCTTTAAT,TCCTGGATGCGTCAGGCGGTTTCTAAACAGGATACCCGTCA,38.5,52.8
9,0,1,67833,70264,2431,TGACGGGTATCCTGTTTAGAAACCGCCTGACGCATCCAGGA,CGTCTCNGCATGCATTCTGTAACAAAGCGGGACC,52.8,46.7
13,1,0,91397,96588,5191,CGTCTCNGGATGGATAAACGCGACGCATGAAAGC,ATAATTGCCAGGCCGTCGAGGCCATCGGTCAGGTTTACCGC,46.7,48.7
13,1,1,96588,98397,1809,GCGGTAAACCTGACCGATGGCCTCGACGGCCTGGCAATTAT,CGTCTCNTAACTAACTCCTTCGCCAGACGGG,48.7,42.6
28,2,0,194717,200507,5790,CGTCTCNGGATGGATAATCCGGCTACAGAGAGTCG,GTTGCCAGTGCTAAACCGAGGCCTGCAGCTAATAACCACTT,48.7,48.7
28,2,1,200507,201996,1489,AAGTGGTTATTAGCTGCAGGCCTCGGTTTAGCACTGGCAAC,CGTCTCNTTAGTTAGTCTTGTTGATTAACCTTGCGC,48.7,42.6
32,2,0,222645,228014,5369,CGTCTCNTGATTGATTATTTATTATCGTCATTAAGT,CCGTTACTCTTTAGGAGGAGTCCGCCCCAGTCAAACTACCC,34.4,46.7
32,2,1,228014,228839,825,GGGTAGTTTGACTGGGGCGGACTCCTCCTAAAGAGTAACGG,CGTCTCNCCACCCACACTACCATCGGCGCT,46.7,50.8
39,3,0,268960,271032,2072,CGTCTCNCACTCACTACTCCTCTGAAAAATAATAAA,ATCCTGATATTTGCTCTGGAAACCATTTCATCTCCAGCTTT,36.4,42.6
39,3,1,271032,273469,2437,AAAGCTGGAGATGAAATGGTTTCCAGAGCAAATATCAGGAT,TCACTGGCCGCCCGAAAGAGGCCGACATCGATATGTCCCGC,42.6,52.8
39,3,2,273469,273895,426,GCGGGACATATCGATGTCGGCCTCTTTCGGGCGGCCAGTGA,TTCTCCTGCGGGATCGTTGAAACCACTCGCATCTCGCCATA,52.8,48.7
39,3,3,273895,275081,1186,TATGGCGAGATGCGAGTGGTTTCAACGATCCCGCAGGAGAA,CGTCTCNATGAATGAGTCATCAACTTACCTTCGCCG,48.7,42.6
40,3,0,275081,275548,467,CGTCTCNGATGGATGAACCCTGTTCTATGGCTCCAG,TAAACGTGAAACGCTCCGGTTTCCGGCATCGCGACCGACAG,48.7,46.7
40,3,1,275548,281428,5880,CTGTCGGTCGCGATGCCGGAAACCGGAGCGTTTCACGTTTA,TGTACCGATGAACGGCGCGAAACCGTGCAGCAGCAGCTGGT,46.7,50.8
40,3,2,281428,282081,653,ACCAGCTGCTGCTGCACGGTTTCGCGCCGTTCATCGGTACA,CGTCTCNAGTCAGTCCCCTCTCCCCTTTGGG,50.8,50.8
41,3,0,282081,284732,2651,CGTCTCNGCACGCACCGAGCCATCTTTTCCC,GCGGAGGTGAGCTGGTAGGTTTCTTCCATGCCGGTGCCGGA,50.8,52.8
41,3,1,284732,285546,814,TCCGGCACCGGCATGGAAGAAACCTACCAGCTCACCTCCGC,ACGGCGTCGAGCACGCGGGAAACCAAAAACAGCGTGCCCAT,52.8,56.9
41,3,2,285546,287657,2111,ATGGGCACGCTGTTTTTGGTTTCCCGCGTGCTCGACGCCGT,TCAATGCGGGCGATGCCGGTTTCGCGCCCCAGCGGGCAGTA,56.9,52.8
41,3,3,287657,288399,742,TACTGCCCGCTGGGGCGCGAAACCGGCATCGCCCGCATTGA,CGTCTCNTTAGTTAGACCGGCTCGTAGGTGAAGT,52.8,46.7
42,3,0,288399,292357,3958,CGTCTCNCGGCCGGCTCAGGCCGGGTAGC,AGCAAAGTGTTTGGTGAAGGTGACCGTAACTTCGGCTGTAG,59.0,44.6
42,3,1,292357,294799,2442,CTACAGCCGAAGTTACGGTCACCTTCACCAAACACTTTGCT,CGTCTCNATGTATGTCTAATAGTGTTACTAATTTTG,44.6,40.5
43,3,0,294799,300580,5781,CGTCTCNTTTTTTTTAAGGAAACCTCTTTGTTATCT,ATTGCGCTGGTAGTGGCCGAAACCTTCGAACAGGCGCGAGC,40.5,50.8
43,3,1,300580,302573,1993,GCTCGCGCCTGTTCGAAGGTTTCGGCCACTACCAGCGCAAT,CGTCTCNATGAATGAGCAACCAAGGCGAATACCC,50.8,44.6
44,4,0,302573,304857,2284,CGTCTCNACCAACCAGGCCTCCGGTATTCTAAAGG,CGCGAGCGCTACTACCGGGTTTCATTTCGCGAGGTCCCCAC,48.7,54.9
44,4,1,304857,310026,5169,GTGGGGACCTCGCGAAATGAAACCCGGTAGTAGCGCTCGCG,CGTCTCNATGAATGAAAAAGCACCTTCTGCCTCTCG,54.9,40.5
45,4,0,310026,311250,1224,CGTCTCNAACAAACAATTCCGTCCAGGAATAAAGCA,TTCTGATAAATACATCTGGTGTCCCCATGACGCCTACTTCT,44.6,38.5
45,4,1,311250,317026,5776,AGAAGTAGGCGTCATGGGGACACCAGATGTATTTATCAGAA,CGTCTCNCATCCATCCAGCTTCTGTTCCGAAATTTC,38.5,48.7
46,4,0,317026,322972,5946,CGTCTCNTTGCTTGCGTCTGCTGTAGCCAGATTT,ACCAGGCATACCGAACCGGTTTCTGCCACCGCGAAATTACA,46.7,50.8
46,4,1,322972,324453,1481,TGTAATTTCGCGGTGGCAGAAACCGGTTCGGTATGCCTGGT,CGTCTCNTCAATCAACAATCCTCAATAATCAGATAC,50.8,42.6
47,4,0,324453,328100,3647,CGTCTCNGAGAGAGAGATATGAAGTCTGGACATAAA,TTGCCGGGCGTGGGCGCGGAAACCGGGCAATATCTGACCGA,38.5,59.0
47,4,1,328100,328658,558,TCGGTCAGATATTGCCCGGTTTCCGCGCCCACGCCCGGCAA,ACCAGCGGTCGCACCTTCGAAACCATTAACCCGGCCAACGG,59.0,52.8
47,4,2,328658,331496,2838,CCGTTGGCCGGGTTAATGGTTTCGAAGGTGCGACCGCTGGT,CGTCTCNTCACTCACGCGTCCGGGAACATC,52.8,50.8
55,5,0,377311,381444,4133,CGTCTCNACATACATAGATAAGTCGTGCGCAGATGC,GTTGCCGGGCAACGAGGGAGTCCGTCATCCCCGGTTCAAAG,48.7,54.9
55,5,1,381444,383935,2491,CTTTGAACCGGGGATGACGGACTCCCTCGTTGCCCGGCAAC,CGTCTCNATGAATGAAAACCTGGATATTTATCTGT,54.9,42.6
66,6,0,451610,455206,3596,CGTCTCNTTAATTAACGACCTCAATTCCACGGGATC,AGCTCGCTTTTAACAGCGGTTTCGATGCTGTCAGCAGCGAT,48.7,46.7
66,6,1,455206,458700,3494,ATCGCTGCTGACAGCATCGAAACCGCTGTTAAAAGCGAGCT,CGTCTCNTTATTTATTCACCAGATGCCTGTTGCGC,46.7,40.5
69,6,0,472417,475014,2597,CGTCTCNATAGATAGCGCAATATTTCATCGTTGGTG,GCCTTGTATGCTGCAAAAGAAACCGTCCCTGAAGAGCGGCT,42.6,44.6
69,6,1,475014,478617,3603,AGCCGCTCTTCAGGGACGGTTTCTTTTGCAGCATACAAGGC,CGTCTCNGTGAGTGAGAACACGACATCTGGTCGG,44.6,46.7
72,6,0,491963,497659,5696,CGTCTCNTTATTTATCGCCAGTCTTGTGCTGCC,ACCAGACGTTTACGTACGGTTTCTTCCTGATCATCTTTACG,50.8,46.7
72,6,1,497659,497963,304,CGTAAAGATGATCAGGAAGAAACCGTACGTAAACGTCTGGT,CGTCTCNGAATGAATAGCGCAGATTGAGGTTTTTGT,46.7,46.7
76,6,0,517379,519842,2463,CGTCTCNAGCAAGCATCGCATCCGGCGTT,TCGCCCACCAGTGCGATGGTTTCGCCACGTTTGACAACCAG,50.8,52.8
76,6,1,519842,524379,4537,CTGGTTGTCAAACGTGGCGAAACCATCGCACTGGTGGGCGA,CGTCTCNCTCCCTCCACCACCCGCCCCGTAT,52.8,52.8
89,8,0,603335,603935,600,CGTCTCNGGCAGGCATTCACGCTACATCCGACA,TACCACTATTCCCACCTGGTGTCTGGTTTCTGACTCCTTTA,46.7,46.7
89,8,1,603935,609335,5400,TAAAGGAGTCAGAAACCAGACACCAGGTGGGAATAGTGGTA,CGTCTCNTTAATTAAGGGTTGAACCATCTGAAGAAT,46.7,40.5
95,8,0,643326,647912,4586,CGTCTCNTCGTTCGTCAGGAGTGGTTTTCGAGGTA,CGCCATCCTGTTCCACTGGTTTCCTTTACCGTGGTTGCGCC,46.7,50.8
95,8,1,647912,649571,1659,GGCGCAACCACGGTAAAGGAAACCAGTGGAACAGGATGGCG,CGTCTCNATGAATGACGCAGAAAATTGAACAATCTC,50.8,46.7
97,8,0,655968,659038,3070,CGTCTCNAATTAATTTTTCCTGTCTCCAGGCCCC,CCTTTAATGGCCGCTCCAAGATCTCCGCCCAGCGTACGTAA,50.8,48.7
97,8,1,659038,662278,3240,TTACGTACGCTGGGCGGAGATCTTGGAGCGGCCATTAAAGG,CGTCTCNTTGTTTGTATCAGGATAAAATTCTTGTCC,48.7,42.6
101,9,0,681663,684153,2490,CGTCTCNCGATCGATGTGTTTTTTGCGCCGATG,ATGTGCACGGCGAAAGCGGTTTCGACGGCCCGGCATTACCG,44.6,50.8
101,9,1,684153,687747,3594,CGGTAATGCCGGGCCGTCGAAACCGCTTTCGCCGTGCACAT,CGTCTCNATGCATGCAATTACGTAAACCTGCCACAG,50.8,42.6
108,9,0,729116,731891,2775,CGTCTCNAAAAAAAAGGGGGAGAAAAGTATGGAACT,GCGTTGTACGCATGTCTGGTTTCATGCTGCCAGAGCAGTTC,44.6,48.7
108,9,1,731891,735235,3344,GAACTGCTCTGGCAGCATGAAACCAGACATGCGTACAACGC,CGTCTCNGCTCGCTCCATATCCGCCATTATTTAAGT,48.7,48.7
111,10,0,749707,754474,4767,CGTCTCNTCTCTCTCTTTTCCTTAATTAATGACAAG,CGCAATAAGGCGCTAAGGAGTCCTTAAATGGCTGATACAAA,36.4,48.7
111,10,1,754474,754957,483,TTTGTATCAGCCATTTAAGGACTCCTTAGCGCCTTATTGCG,GATTGCAGGGTGTTCCGGAGTCCTGGCGGCAGTATAGGCTG,48.7,50.8
111,10,2,754957,757673,2716,CAGCCTATACTGCCGCCAGGACTCCGGAACACCCTGCAATC,CGTCTCNTTAGTTAGTAAGTACGAATCTTCGGCGGG,50.8,40.5
112,10,0,757673,759115,1442,CGTCTCNTGCGTGCGGAGACAGGAAAATGAGACTC,AATGAACCGACGTTGAAGGTTTCCTGGAAGTCTGCTTCGGT,44.6,44.6
112,10,1,759115,765049,5934,ACCGAAGCAGACTTCCAGGAAACCTTCAACGTCGGTTCATT,CGTCTCNTTATTTATTTCAGAACAGTTTTCAGTGCT,44.6,38.5
113,10,0,765049,767620,2571,CGTCTCNATATATATCTGTAATAAGAAATAGCCCTC,AGCCAGGTGGATTTCCCGGTTTCAATTTCAAACTCTTTAAA,40.5,50.8
113,10,1,767620,771049,3429,TTTAAAGAGTTTGAAATTGAAACCGGGAAATCCACCTGGCT,CGTCTCNAATGAATGTGTGAGTTATAAGGCTGAAAT,50.8,42.6
116,10,0,784823,790057,5234,CGTCTCNGACGGACGAGTCATCCCTTAATTATTCTC,ATGCTGGCAGAGACCCAGCGTGACCTGACCGCAGAACAGGC,40.5,52.8
116,10,1,790057,790066,9,GCCTGTTCTGCGGTCAGGTCACGCTGGGTCTCTGCCAGCAT,GGTTATGAAATGCTGGCAGAAACCCAGCGAGACCTGACCGC,52.8,44.6
116,10,2,790066,792055,1989,GCGGTCAGGTCTCGCTGGGTTTCTGCCAGCATTTCATAACC,CGTCTCNATGAATGAGAGTTCTGGTTACCGGTGGT,44.6,42.6
130,11,0,880480,887011,6531,CGTCTCNACTCACTCACCCCTTTTCCGACAGG,CCCTGCTCTTTGCCGTTGGTTTCGGCGTCTTTGGGGCAAGT,50.8,50.8
130,11,1,887011,887339,328,ACTTGCCCCAAAGACGCCGAAACCAACGGCAAAGAGCAGGG,CGTCTCNATGAATGACCGTAAATTCTTCACGTAATG,50.8,44.6
137,12,0,927432,927805,373,CGTCTCNGACCGACCGCAAAACTCCACGCAA,AGCTGCTCGAGGATGCAGGTTTCAACAGTTGGTTAGGTGAA,48.7,50.8
137,12,1,927805,934432,6627,TTCACCTAACCAACTGTTGAAACCTGCATCCTCGAGCAGCT,CGTCTCNCGGCCGGCTGTACTGGTTGTTGCAG,50.8,54.9
140,12,0,947019,950396,3377,CGTCTCNATGAATGAATTCAAGCAGAGTGTGAACTT,GTTAAACCACCGAAGAAAGAAACCATGGAACGCGTGAAAGG,42.6,42.6
140,12,1,950396,953554,3158,CCTTTCACGCGTTCCATGGTTTCTTTCTTCGGTGGTTTAAC,CGTCTCNATGTATGTCCGAGCTTAATGAAAAGTTAG,42.6,46.7
141,12,0,953554,959833,6279,CGTCTCNGTAAGTAACACCTACCTTCTTAAGTGGAT,ATCGCAAACAGGCGATCGGTTTCTTTAACACGCCAGTTATA,42.6,48.7
141,12,1,959833,960095,262,TATAACTGGCGTGTTAAAGAAACCGATCGCCTGTTTGCGAT,CGTCTCNTCAGTCAGGCTGCCTGGCTAATCC,48.7,50.8
142,12,0,960095,964651,4556,CGTCTCNATGAATGAACAACGGGCAATAAATAGCCA,TATTCGCCATACATCACGAGGCCTGACGCAGGGAATATACG,44.6,44.6
142,12,1,964651,966584,1933,CGTATATTCCCTGCGTCAGGCCTCGTGATGTATGGCGAATA,CGTCTCNCTACCTACCCGTTATCCACTGGCACG,44.6,48.7
143,13,0,966584,968026,1442,CGTCTCNAATAAATATGCGGCTATTTCAACAAATGC,TCACCAATCACTGTATCGAGGCCGTTATCCATCTTATTGAT,44.6,44.6
143,13,1,968026,973401,5375,ATCAATAAGATGGATAACGGCCTCGATACAGTGATTGGTGA,CGTCTCNATGCATGCTTTTTACACTGAAAAAAGTGA,44.6,42.6
149,13,0,1007600,1013306,5706,CGTCTCNGGTGGGTGCGGTCCTCAAATGAAAATAAG,AGGAAATATCCACACGGGAGTCCAGTTCTTCACTTTCTGGA,40.5,46.7
149,13,1,1013306,1015459,2153,TCCAGAAAGTGAAGAACTGGACTCCCGTGTGGATATTTCCT,CGTCTCNTTAATTAAGGTAGACGCTTTATCTCTTGT,46.7,40.5
161,14,0,1089857,1091257,1400,CGTCTCNATTTATTTATCCTTAAAATCTGAATGTCA,GAGCTCTTTTATCACAAGGAAACCATTGCCCCGGATTTATC,38.5,42.6
161,14,1,1091257,1094176,2919,GATAAATCCGGGGCAATGGTTTCCTTGTGATAAAAGAGCTC,ACCACCTTATTACGCCCGGTTTCTTTCGCCTCGTAAAGTGC,42.6,48.7
161,14,2,1094176,1096857,2681,GCACTTTACGAGGCGAAAGAAACCGGGCGTAATAAGGTGGT,CGTCTCNTATTTATTATCTGGTCACTTCCTATCACT,48.7,38.5
169,15,0,1142511,1148195,5684,CGTCTCNCGGTCGGTCACGGCGGTTGTTC,GCATCCCGAATACTGTCGAGGCCCTTTACTTCTTCTTCACC,52.8,48.7
169,15,1,1148195,1148691,496,GGTGAAGAAGAAGTAAAGGGCCTCGACAGTATTCGGGATGC,CGTCTCNCTACCTACCGCAGAGTTCCGCTTTTG,48.7,50.8
179,16,0,1209119,1210920,1801,CGTCTCNCAGGCAGGCTGCCCTCACGATATAGTT,ATCCAAGCTTTTACCATCGGATCTCGGACATAAACTTTTTG,46.7,44.6
179,16,1,1210920,1215475,4555,CAAAAAGTTTATGTCCGAGATCCGATGGTAAAAGCTTGGAT,CGTCTCNATGCATGCTTACCACCCTTATTTATCGT,44.6,46.7
185,16,0,1249114,1255312,6198,CGTCTCNCACCCACCAATTCCTTACTCTTTTGCGGC,CAGGTGTTTATATCGGTGGTTTCAACGGCAATAACGCCAAT,44.6,44.6
185,16,1,1255312,1256114,802,ATTGGCGTTATTGCCGTTGAAACCACCGATATAAACACCTG,CGTCTCNTCCTTCCTGTGTTCCTGATTTTGCCCG,44.6,46.7
186,16,0,1256114,1262567,6453,CGTCTCNATTAATTAATATATATTTAACATCCCCCT,GTTTGCCGATGGGCGGCGGTTTCGGCGGTGGTTCATCCAAT,38.5,54.9
186,16,1,1262567,1263500,933,ATTGGATGAACCACCGCCGAAACCGCCGCCCATCGGCAAAC,CGTCTCNATGCATGCCCCTGCCCGATTTTCG,54.9,50.8
192,17,0,1298255,1301384,3129,CGTCTCNTAAATAAAAGAGTTTAAACATTAGAGTTA,ACCAGTAAGCCTTCAAACAGATCTCGGCTGATATTAGACTC,36.4,44.6
192,17,1,1301384,1304742,3358,GAGTCTAATATCAGCCGAGATCTGTTTGAAGGCTTACTGGT,CGTCTCNTTAATTAACGATCTTTCGGGTCGAGGG,44.6,40.5
202,18,0,1364230,1371027,6797,CGTCTCNAATGAATGACCGAACATACCAGCAGTTAC,TCTTTATGCGGAACATTGGTTTCGGTAATGATCACTGTACC,46.7,42.6
202,18,1,1371027,1371895,868,GGTACAGTGATCATTACCGAAACCAATGTTCCGCATAAAGA,CGTCTCNTTATTTATTTAATCCACATAACCTGCCAG,42.6,34.4
205,18,0,1386572,1390136,3564,CGTCTCNTGCATGCAATATCGGGTGCTGACCG,ATTCAACCTGCCTGGGTGGTTTCATTCCACGATCCACTGGC,50.8,48.7
205,18,1,1390136,1392890,2754,GCCAGTGGATCGTGGAATGAAACCACCCAGGCAGGTTGAAT,CGTCTCNCTAACTAAACAGCACCTTTATACTTCAGC,48.7,44.6
206,18,0,1392890,1398628,5738,CGTCTCNCACTCACTACTTGCTGATACATTAATTT,TTGACAGTTGTTGTAAGGAGTCCCTGTATGGCTATGTATCA,36.4,42.6
206,18,1,1398628,1399526,898,TGATACATAGCCATACAGGGACTCCTTACAACAACTGTCAA,CGTCTCNATGAATGATCCCGGAAAAGCGAATTATAC,42.6,46.7
210,19,0,1418598,1418753,155,CGTCTCNGGTCGGACTCGGCTATACCCCTACAGC,GGTATCAGCCAGAGAGTGAGGCCAAAAATGATAATCGTATA,50.8,48.7
210,19,1,1418753,1425239,6486,TATACGATTATCATTTTTGGCCTCACTCTCTGGCTGATACC,CGTCTCNTTAGTTAGGAGCGCCAAAAAAAACCTGAA,48.7,46.7
211,19,0,1425239,1428551,3312,CGTCTCNTATATATATGGCTGATTTATAATTGTGAG,GACGGCCCTATCCGCTGGAGGCCATGCTGCGTATTCACTGC,40.5,54.9
211,19,1,1428551,1432986,4435,GCAGTGAATACGCAGCATGGCCTCCAGCGGATAGGGCCGTC,CGTCTCNCTACCTACGGCAGTGCTGGCCA,54.9,50.8
212,19,0,1432986,1433299,313,CGTCTCNGGTAGGTAAAACATATAAATTCTATAATT,GCAGTCGCTGAATTTGAACGTGACCTTTTACTTGAACGCAC,30.3,46.7
212,19,1,1433299,1433807,508,GTGCGTTCAAGTAAAAGGTCACGTTCAAATTCAGCGACTGC,TCACAAAATCGATTTTGGGTTTCACCAAAATTACGGGGTTG,46.7,40.5
212,19,2,1433807,1440784,6977,CAACCCCGTAATTTTGGTGAAACCCAAAATCGATTTTGTGA,CGTCTCNATGAATGATTACTATTGACGGTAATGGCG,40.5,40.5
217,19,0,1467642,1469053,1411,CGTCTCNGACTGACTTGAACTGATTGGAGAGAAAAA,TTTGAACCGGGGATGACGGTTTCCCTCGTTGCCCGGCAACA,40.5,48.7
217,19,1,1469053,1469786,733,TGTTGCCGGGCAACGAGGGAAACCGTCATCCCCGGTTCAAA,TCCTGATATTTGCTCTGGAGTCCATTTCATCTCCAGCTTTT,48.7,44.6
217,19,2,1469786,1474013,4227,AAAAGCTGGAGATGAAATGGACTCCAGAGCAAATATCAGGA,CGTCTCNTTAGTTAGAACGTTTTCTTGAAGTTCAGC,44.6,42.6
226,20,0,1525980,1528035,2055,CGTCTCNTGCTTGCTCTCCCTGATTGCTTTAATGAA,TCGTTGTACGCATGTCCGGTTTCATGGTGCCACAGCAGTTC,40.5,48.7
226,20,1,1528035,1532980,4945,GAACTGCTGTGGCACCATGAAACCGGACATGCGTACAACGA,CGTCTCNTTATTTATACGACAATAATGCCCAGGGCA,48.7,40.5
230,20,0,1552028,1557004,4976,CGTCTCNAGGCAGGCGCCATTTTCATATTGTAGACA,TCCGCTTTCAGTACCTGAGAAACCGGGCATCCTGCTTTTGC,38.5,46.7
230,20,1,1557004,1559028,2024,GCAAAAGCAGGATGCCCGGTTTCTCAGGTACTGAAAGCGGA,CGTCTCNGGAAGGAAAGCAGTCATGACCCAACC,46.7,48.7
233,21,0,1572045,1575642,3597,CGTCTCNTTTATTTAAACTCCTTAAAATGATTGGAT,GTTTATAACGGTAATCTGGTTTCTTACGATAGCGTTCCAGT,38.5,40.5
233,21,1,1575642,1579342,3700,ACTGGAACGCTATCGTAAGAAACCAGATTACCGTTATAAAC,CGTCTCNATGAATGATAACCATTCCCATTACGCTTC,40.5,42.6
234,21,0,1579342,1581017,1675,CGTCTCNTAGCTAGCGAAAATTGATTGTGCCATCCA,TAGAAAACAATCAGTTAGGTTTCTACAAACTGACGGATCTA,40.5,38.5
234,21,1,1581017,1586189,5172,TAGATCCGTCAGTTTGTAGAAACCTAACTGATTGTTTTCTA,CAATCATTACTTACCTGGGGTGACCACGAGCTTGAGGCTGC,38.5,44.6
234,21,2,1586189,1586486,297,GCAGCCTCAAGCTCGTGGTCACCCCAGGTAAGTAATGATTG,CGTCTCNATGAATGAAGAAAAAAATTGAATCCTACC,44.6,40.5
242,22,0,1633484,1633998,514,CGTCTCNGGTCGGACTCACCAAAATTACGGGGTTG,TGAGTGCGTTCAAGTAAAAGATCTCGTTCAAATTCAGCGAC,44.6,42.6
242,22,1,1633998,1640585,6587,GTCGCTGAATTTGAACGAGATCTTTTACTTGAACGCACTCA,CGTCTCNATGAATGAAATCAATGGATAAGTTAACAA,42.6,40.5
243,22,0,1640585,1645114,4529,CGTCTCNATCCATCCTCACCCCGATGTACACG,ACGAACCTGAGGAGTAAGAGTCCCGGCGGGGGAGAAATCCC,50.8,46.7
243,22,1,1645114,1646737,1623,GGGATTTCTCCCCCGCCGGGACTCTTACTCCTCAGGTTCGT,CGTCTCNTTAGTTAGACGTAAATATCAATGGTGCCA,46.7,42.6
244,22,0,1646737,1648005,1268,CGTCTCNGTGAGTGACAGCCGTATTGTGGCC,TTTCAGGGCTTTAGCAAGAGTCCTTTGGGTGTGTTTGAGGT,50.8,44.6
244,22,1,1648005,1652838,4833,ACCTCAAACACACCCAAAGGACTCTTGCTAAAGCCCTGAAA,CGTCTCNATGAATGACAATAGAAAAACACGAAAGAA,44.6,40.5
253,23,0,1705180,1705837,657,CGTCTCNTTATTTATAAAAGCCTTATAATAACGCCC,ACCCCCATAAACGGACAGAGGCCGAGAAACTTGACCAGTAC,42.6,48.7
253,23,1,1705837,1712180,6343,GTACTGGTCAAGTTTCTCGGCCTCTGTCCGTTTATGGGGGT,CGTCTCNTAATTAATCGGTGTTACCCCTTTTCTTCA,48.7,42.6
258,23,0,1737667,1741660,3993,CGTCTCNGATCGATCGGCCAAAATTCCACGCTTAC,TGGGGGAGTTGGTTCTCGAGGCCTGCGCGTAAGACTTTGCT,46.7,50.8
258,23,1,1741660,1744830,3170,AGCAAAGTCTTACGCGCAGGCCTCGAGAACCAACTCCCCCA,CGTCTCNTTAGTTAGCGGGATGCTCGTTGCA,50.8,46.7
259,23,0,1744830,1749313,4483,CGTCTCNTAAATAAAGACAAGGCGCAACCTTCACG,GCCACAGACCCCGGAGAGAGTCCATTTTGCAGTCAGTTTGC,50.8,54.9
259,23,1,1749313,1751013,1700,GCAAACTGACTGCAAAATGGACTCTCTCCGGGGTCTGTGGC,CGTCTCNATGTATGTCCTTCACTCGACGCAAATTTG,54.9,44.6
262,23,0,1764386,1767052,2666,CGTCTCNCGATCGATTTACCTCACTTCATCGCTTTC,AGATTTGCCCGCCAGAAGGTTTCGATGCGCCGATGATGAAA,44.6,48.7
262,23,1,1767052,1770386,3334,TTTCATCATCGGCGCATCGAAACCTTCTGGCGGGCAAATCT,CGTCTCNTTGATTGATTTATAACCGTGAGCTAATAG,48.7,38.5
263,23,0,1770386,1774894,4508,CGTCTCNCATACATATTGATTTATAAGCATGGAAAT,AGCGGTTTTTCTGGCATGGTTTCACGGAGAATTTTTGCTGC,36.4,46.7
263,23,1,1774894,1778347,3453,GCAGCAAAAATTCTCCGTGAAACCATGCCAGAAAAACCGCT,CGTCTCNTTATTTATTTGTTCTGATAGTCTTTCAGG,46.7,36.4
266,24,0,1791244,1796114,4870,CGTCTCNAGATAGATCCTCCTGTTTGATAGTGTAGA,CACTGGAACCTGGCAAAAGAAACCGTTGATTTCTATGATTT,42.6,46.7
266,24,1,1796114,1798942,2828,AAATCATAGAAATCAACGGTTTCTTTTGCCAGGTTCCAGTG,CGTCTCNATGTATGTCACATCTCGCAGAACTGGTTG,46.7,42.6
273,24,0,1839400,1843303,3903,CGTCTCNCGCACGCAAAGTTTTTCTCAATGCGTCAG,GGCGATATCAACCGGTAGAGTCCACGGCTGTTGGCCTTCGA,42.6,48.7
273,24,1,1843303,1846960,3657,TCGAAGGCCAACAGCCGTGGACTCTACCGGTTGATATCGCC,CGTCTCNATGCATGCGGTTGTTTATTGCCGAAAAAC,48.7,48.7
276,25,0,1861332,1862611,1279,CGTCTCNTGCGTGCGTCATCCTCTGTGTTTAGTTTT,ACTCTTCCTTTGGGCTTGAGTCCACATGGGGTCGGCGCCCC,40.5,46.7
276,25,1,1862611,1868842,6231,GGGGCGCCGACCCCATGTGGACTCAAGCCCAAAGGAAGAGT,CGTCTCNTTAATTAAGACGATTTACGTACGCGCAAA,46.7,40.5
281,25,0,1893991,1897500,3509,CGTCTCNCACCCACCATGAGCTGCTACCTTTAAAAC,AGTTCGTTCTGCATAGCGAGGCCAGACAGCGAATAGCCGGT,42.6,46.7
281,25,1,1897500,1900025,2525,ACCGGCTATTCGCTGTCTGGCCTCGCTATGCAGAACGAACT,CGTCTCNTTAATTAACGTAACGGCATAATGGGCGT,46.7,38.5
282,25,0,1900025,1905563,5538,CGTCTCNCGCTCGCTTACTCATCTTCATCGTGCG,GCGATTGATGTGCATATGGTTTCGCCTGACTGAAAGTATTC,44.6,44.6
282,25,1,1905563,1906926,1363,GAATACTTTCAGTCAGGCGAAACCATATGCACATCAATCGC,GCCCGTTCAGCATAAACGGTGTCGTGATCCGGGCGACAGCG,44.6,48.7
282,25,2,1906926,1907060,134,CGCTGTCGCCCGGATCACGACACCGTTTATGCTGAACGGGC,CGTCTCNATGTATGTCTTTTTCCTGTCCACTTTGCC,48.7,40.5
285,25,0,1921662,1923110,1448,CGTCTCNCAGCCAGCGCACAAAAAAAGCGCA,ATACAGGAATCGTGTTCGGTTTCTTTTTATCTGTTAAAAGC,46.7,44.6
285,25,1,1923110,1928839,5729,GCTTTTAACAGATAAAAAGAAACCGAACACGATTCCTGTAT,CGTCTCNATGCATGCTACCAAAAGCCGCCC,44.6,46.7
286,26,0,1928839,1931719,2880,CGTCTCNGTTAGTTATTGTTCTTTCTGGTTGAAACA,GTATCATGTGGACGAGGGGAAACCTCACTGAAAATCACCTC,40.5,48.7
286,26,1,1931719,1936314,4595,GAGGTGATTTTCAGTGAGGTTTCCCCTCGTCCACATGATAC,CGTCTCNATGGATGGCGGTAACGCAAACAGC,48.7,48.7
296,26,0,1995545,1996769,1224,CGTCTCNAGCCAGCCCTACGATGAAATGTGACAAAA,TTGCGTTTTCAGAGGATGGAAACCGCAGAAGAGGTCTACCA,38.5,44.6
296,26,1,1996769,2001789,5020,TGGTAGACCTCTTCTGCGGTTTCCATCCTCTGAAAACGCAA,CGTCTCNGTGAGTGAATTCACTCTATACCGCTGAAG,44.6,44.6
297,27,0,2001789,2004524,2735,CGTCTCNGATAGATAAACAGCCCTGCGTTATATGAG,GCATTCTGGGCGGCAACCGAAACCTCCATACCGTTGCTGCT,46.7,52.8
297,27,1,2004524,2008090,3566,AGCAGCAACGGTATGGAGGTTTCGGTTGCCGCCCAGAATGC,CGTCTCNATGAATGAAAAAACTCGCAATTGCAGGCG,52.8,38.5
298,27,0,2008090,2011635,3545,CGTCTCNCATTCATTCGTCCTGCATGAGAAGAAAAG,TCCGATGGAATTACCCAGGTTTCCGTAGATAATAATCTGAT,44.6,46.7
298,27,1,2011635,2015090,3455,ATCAGATTATTATCTACGGAAACCTGGGTAATTCCATCGGA,CGTCTCNTATTTATTCAGTGCGGCAAACTGTTCAG,46.7,40.5
303,27,0,2041118,2043524,2406,CGTCTCNCTTCCTTCATATTGCCGACAAAGTACGCG,GAGCGGCTGAACGGACCGGTTTCGAAAACCGGAGTAGGGGC,46.7,54.9
303,27,1,2043524,2045384,1860,GCCCCTACTCCGGTTTTCGAAACCGGTCCGTTCAGCCGCTC,CATATCTTCGGCGAGCAGAGTCCCGATTTGCTGTGAAGTAC,54.9,48.7
303,27,2,2045384,2048920,3536,GTACTTCACAGCAAATCGGGACTCTGCTCGCCGAAGATATG,CGTCTCNGCTCGCTCCTGATTCTATCGAGGAGCG,48.7,50.8
304,27,0,2048920,2050387,1467,CGTCTCNGAGAGAGCCCGGATACCGTTGAGGC,ACACCCTGCGTATTAGTAGAAACCGTATTCTGGCTGATGAT,52.8,44.6
304,27,1,2050387,2050921,534,ATCATCAGCCAGAATACGGTTTCTACTAATACGCAGGGTGT,AAGGCGAAGTACACAGTGAGGCCTTCGATCAGGTTACCACT,44.6,46.7
304,27,2,2050921,2054959,4038,AGTGGTAACCTGATCGAAGGCCTCACTGTGTACTTCGCCTT,CGTCTCNTCAATCAAGCGCGTTGACTGTCTTTCA,46.7,48.7
307,27,0,2068437,2070085,1648,CGTCTCNGAGAGAGCCCGACTGACACGAGTCAG,CTTTGAACCGGGGATGACGGACTCCCTCGTTGCCCGGCAAC,52.8,50.8
307,27,1,2070085,2071055,970,GTTGCCGGGCAACGAGGGAGTCCGTCATCCCCGGTTCAAAG,AAACTGTTCACGGGCCTGAGTCCGGACAGATTCCGTGCGCA,50.8,48.7
307,27,2,2071055,2071170,115,TGCGCACGGAATCTGTCCGGACTCAGGCCCGTGAACAGTTT,ATACCGCACGGGCAACAGAGTCCACCGTGTCACGGACGGCA,48.7,50.8
307,27,3,2071170,2074658,3488,TGCCGTCCGTGACACGGTGGACTCTGTTGCCCGTGCGGTAT,CGTCTCNTCAGTCAGAAGGTCACATTCAGTGTGGC,50.8,46.7
312,28,0,2101268,2104517,3249,CGTCTCNTACATACATACTCCTGTCAGGTGTGATCA,ATAAAGAAATACAATCATGAAACCAAATTATGGGAAAAAGC,46.7,34.4
312,28,1,2104517,2104912,395,GCTTTTTCCCATAATTTGGTTTCATGATTGTATTTCTTTAT,ATTTCACAAGTGGAGTCGGTTTCAGGCTGGATGCATTTGGA,34.4,44.6
312,28,2,2104912,2105053,141,TCCAAATGCATCCAGCCTGAAACCGACTCCACTTGTGAAAT,AACTCGCTAAACGATATGGTTTCTGTGGTTTTATTCGGCTT,44.6,42.6
312,28,3,2105053,2108329,3276,AAGCCGAATAAAACCACAGAAACCATATCGTTTAGCGAGTT,CGTCTCNATGTATGTACGATTATATCATTGTTGGTT,42.6,42.6
313,28,0,2108329,2114290,5961,CGTCTCNAAAAAAAATCCTCAGCAAACCAGTAATTT,CAGTTATTCCTGTAGCGGGTTTCGGGATGCATATGTTGCCT,42.6,46.7
313,28,1,2114290,2114329,39,AGGCAACATATGCATCCCGAAACCCGCTACAGGAATAACTG,CGTCTCNTAATTAATGACGAATTTAAAAGCAGTTAT,46.7,40.5
315,28,0,2121554,2127873,6319,CGTCTCNCGTTCGTTGTTCCTGTTATTAGCCCCTT,CAGGAAATTCCGCAGAAAGAAACCACGCCGTTCTACCCGCG,44.6,44.6
315,28,1,2127873,2128032,159,CGCGGGTAGAACGGCGTGGTTTCTTTCTGCGGAATTTCCTG,GCAATGAGCCACGTTGCGGTTTCTTTTGAGTCACCAGAATA,44.6,50.8
315,28,2,2128032,2128314,282,TATTCTGGTGACTCAAAAGAAACCGCAACGTGGCTCATTGC,CGTCTCNATGTATGTCAAAAGTCGCTCTCATCACCG,50.8,40.5
319,29,0,2149026,2154635,5609,CGTCTCNTTGATTGAAAAATGGCTCAGCAGCGG,CCAACATCAACCTGCTTGAGGCCAACGCGACCATCGACTGG,48.7,46.7
319,29,1,2154635,2156026,1391,CCAGTCGATGGTCGCGTTGGCCTCAAGCAGGTTGATGTTGG,CGTCTCNATGAATGATTAGCTGGCGATACTCTTCGG,46.7,42.6
322,29,0,2169611,2171526,1915,CGTCTCNTCAATCAAACTATTCTCTCTTGAACCAGG,TCTGGTAATAGTGAAACCGAAACCCAGGAAGTCGGGTTTAA,44.6,42.6
322,29,1,2171526,2177204,5678,TTAAACCCGACTTCCTGGGTTTCGGTTTCACTATTACCAGA,CGTCTCNATGTATGTACGTGGTATCGACAAAGCAGA,42.6,44.6
327,29,0,2203911,2209866,5955,CGTCTCNAACAAACACAGCGGGCAGTGATG,ACCCAGCGCCAGTTGCAGGTTTCTGCCGCCTGCAATGCGCG,48.7,52.8
327,29,1,2209866,2210944,1078,CGCGCATTGCAGGCGGCAGAAACCTGCAACTGGCGCTGGGT,CGTCTCNCTATCTATGCCTGACCAATAGCACTCTGT,52.8,46.7
331,30,0,2231714,2237842,6128,CGTCTCNAATTAATTTGCGATGCGTCGCGC,TTCTGGTCATGAGCAATGGTTTCGTTTCCGGAATTGTCGAT,48.7,44.6
331,30,1,2237842,2239289,1447,ATCGACAATTCCGGAAACGAAACCATTGCTCATGACCAGAA,CGTCTCNATGGATGGTCAGCTCAACGACTCCG,44.6,48.7
338,30,0,2278296,2280627,2331,CGTCTCNTCAATCAACAATCCGTCTTTATACAGATC,CGAAGTGTAAAAATCATGGTTTCGCGTAGGTAGATTATTCT,40.5,40.5
338,30,1,2280627,2286136,5509,AGAATAATCTACCTACGCGAAACCATGATTTTTACACTTCG,CGTCTCNTCAGTCAGTTAGCGATAAAACGCTTCTCG,40.5,46.7
341,31,0,2300260,2302686,2426,CGTCTCNAATGAATGGCTTACACCTTCTCCAGTTTG,CCGCTGCGGCGGCTGCCGGTTTCAGCGTGCCGGGCGTTGCC,44.6,61.0
341,31,1,2302686,2306754,4068,GGCAACGCCCGGCACGCTGAAACCGGCAGCCGCCGCAGCGG,CGTCTCNATGAATGAAAAAAGTGACTGCCATGCTCT,61.0,38.5
344,31,0,2319876,2322086,2210,CGTCTCNAGGGAGGGGCGAAGCTCCGCCT,AGAATAACGGGTGTCCGGGTTTCATGGCTGCGCATCTCCTT,56.9,48.7
344,31,1,2322086,2327293,5207,AAGGAGATGCGCAGCCATGAAACCCGGACACCCGTTATTCT,CGTCTCNTTAATTAATTCAACCGTTCAATCACCATC,48.7,36.4
351,31,0,2369211,2371995,2784,CGTCTCNATAGATAGCCACGCCGATTGAATATACCC,TTCATTGGTCCCCACGGGGAAACCACAAATGTGGCAATAAT,46.7,50.8
351,31,1,2371995,2376819,4824,ATTATTGCCACATTTGTGGTTTCCCCGTGGGGACCAATGAA,CGTCTCNATGAATGATTTATCCTGATGAAGCAATGC,50.8,38.5
352,32,0,2376819,2382945,6126,CGTCTCNATTGATTGTGTCCTTTAGTCAGAAACGCA,AGTCGGATAATCGATAGGGTTTCATTTGTTGGGGTTCTAAC,44.6,44.6
352,32,1,2382945,2383287,342,GTTAGAACCCCAACAAATGAAACCCTATCGATTATCCGACT,GTGGAGTAGGGGACGTAGAGGCCAGTAGGATAATTGACTTG,44.6,50.8
352,32,2,2383287,2383924,637,CAAGTCAATTATCCTACTGGCCTCTACGTCCCCTACTCCAC,CGTCTCNTTAATTAACTCACTCTTTTGCCGGATGCT,50.8,40.5
359,32,0,2425916,2427341,1425,CGTCTCNGCTGGCTGCCTGTCCTGTCGTGT,CAGGAAGCTTACGCTAACGAAACCTGGCGTAGTAAAGGCGT,52.8,46.7
359,32,1,2427341,2427751,410,ACGCCTTTACTACGCCAGGTTTCGTTAGCGTAAGCTTCCTG,CTCTGTCTTTGTTAGTCGGTTTCTCCACAGCGGCTTCCAGC,46.7,44.6
359,32,2,2427751,2432942,5191,GCTGGAAGCCGCTGTGGAGAAACCGACTAACAAAGACAGAG,CGTCTCNATGAATGATTATCAAACGCACTCCTCAAG,44.6,40.5
364,33,0,2460469,2465296,4827,CGTCTCNAACAAACACTCCCCTGTAAAAAAATAAAT,ATTTTGTCGTTGTCCATGGTTTCTTCTCTTGAATTAGCACG,36.4,42.6
364,33,1,2465296,2466469,1173,CGTGCTAATTCAAGAGAAGAAACCATGGACAACGACAAAAT,CGTCTCNGCGAGCGAACCATGACGAACTGTAAATCT,42.6,50.8
365,33,0,2466469,2471002,4533,CGTCTCNTTCATTCAGATCGTTGACAGCCGCA,ACAGTGTTAAGTCGGGAGGTTTCTGCCTGCATCAGCTTCCG,48.7,46.7
365,33,1,2471002,2473469,2467,CGGAAGCTGATGCAGGCAGAAACCTCCCGACTTAACACTGT,CGTCTCNAAAAAAAATTTGATGCGTCGAAATCTGGC,46.7,36.4
366,33,0,2473469,2473737,268,CGTCTCNGACGGACGGGTCAGATTTTGATGCGTC,TCGATTTCCAGGTTGAGTGAAACCTTACCTTTGGTTTTCGT,46.7,44.6
366,33,1,2473737,2480530,6793,ACGAAAACCAAAGGTAAGGTTTCACTCAACCTGGAAATCGA,CGTCTCNTTAATTAACGGCCTTTTGCCAGATATTGA,44.6,44.6
368,33,0,2487967,2491491,3524,CGTCTCNATAGATAGCGGCTCCCACAATGTTCAAAT,TTGGCACGCGCTATCCGGGTTTCTGTATCGGGTCGCCCTGG,44.6,52.8
368,33,1,2491491,2494402,2911,CCAGGGCGACCCGATACAGAAACCCGGATAGCGCGTGCCAA,CGTCTCNATGAATGAAACGTTTAATTATGGCCACGA,52.8,42.6
369,33,0,2494402,2494738,336,CGTCTCNACTTACTTACCTCATTCTTTAACAGTTTT,ACATTGCATGCCATAATAGAAACCAATAAAAATAAGCTGAA,38.5,40.5
369,33,1,2494738,2495205,467,TTCAGCTTATTTTTATTGGTTTCTATTATGGCATGCAATGT,CTGAACGTGGTATCGGCGGTTTCTTCTTTCTTCGGCATGGT,40.5,50.8
369,33,2,2495205,2501987,6782,ACCATGCCGAAGAAAGAAGAAACCGCCGATACCACGTTCAG,CGTCTCNTTAGTTAGCCCTGAAAACGGGCGC,50.8,46.7
373,33,0,2521244,2524176,2932,CGTCTCNACCAACCACTTCGGGTCGTTAGCTC,GACCTTAAAGTCGTTGCGGTTTCTGCGATTACCAATATGGC,50.8,46.7
373,33,1,2524176,2525986,1810,GCCATATTGGTAATCGCAGAAACCGCAACGACTTTAAGGTC,GCTTTATGGGACGTGGTACGTGACCAGGGCAATGCGCTAAT,46.7,48.7
373,33,2,2525986,2528159,2173,ATTAGCGCATTGCCCTGGTCACGTACCACGTCCCATAAAGC,CGTCTCNATGGATGGAAAAAGAGCAGCTGATTGAAA,48.7,42.6
380,34,0,2568107,2568622,515,CGTCTCNCGCCCGCCTTTACTCCCTGTTAGTTGTT,CGCTGCATATTCCGCACGGTTTCGCGAACGCCATGTTGCTG,40.5,50.8
380,34,1,2568622,2575805,7183,CAGCAACATGGCGTTCGCGAAACCGTGCGGAATATGCAGCG,CGTCTCNATGGATGGATAAAGAACGCATCATTCAGG,50.8,42.6
393,35,0,2659467,2663436,3969,CGTCTCNAACAAACATTCTCAGGGCTGCGATCC,TCAGCATCGGATGCATCGGTTTCTCTCACTGGATGTTAAAG,50.8,48.7
393,35,1,2663436,2666467,3031,CTTTAACATCCAGTGAGAGAAACCGATGCATCCGATGCTGA,CGTCTCNTAAGTAAGAAGAATAATCTGTTTTTCATG,48.7,40.5
400,36,0,2704063,2704826,763,CGTCTCNGCGAGCGATACCAATAAATAAATGCGTCA,AAAGTCACTTACGATCCGGTTTCAAAAGAGCTGACGATTCA,38.5,44.6
400,36,1,2704826,2710164,5338,TGAATCGTCAGCTCTTTTGAAACCGGATCGTAAGTGACTTT,CGTCTCNATGAATGATCCGTCTACAGCATGACAAAC,44.6,44.6
402,36,0,2716449,2719945,3496,CGTCTCNGTGAGTGATGCCTCCCCGGCAA,CCTCGCTGACTCATACCGGTTTCCCGCAGAAGTGACCGAAT,52.8,50.8
402,36,1,2719945,2722613,2668,ATTCGGTCACTTCTGCGGGAAACCGGTATGAGTCAGCGAGG,CGTCTCNTCATTCATGATTCCTCGCGCTGGG,50.8,42.6
403,36,0,2722613,2726100,3487,CGTCTCNGTAAGTAAGGTACTGGAAATGTTGACCAC,CGCCGATGGTAGTGTGGGGTTTCCCCATGCGAGAGTAGGGA,44.6,52.8
403,36,1,2726100,2726926,826,TCCCTACTCTCGCATGGGGAAACCCCACACTACCATCGGCG,GGTAGTTTGACTGGGGCGGTTTCCTCCTAAAGAGTAACGGA,52.8,50.8
403,36,2,2726926,2729613,2687,TCCGTTACTCTTTAGGAGGAAACCGCCCCAGTCAAACTACC,CGTCTCNTTAATTAAAGAAGCGTACTTTGCAGTGCT,50.8,38.5
405,36,0,2736011,2738325,2314,CGTCTCNATATATATACTGCTTCTTCGTTTATCGTT,GATAAATCAGTAGTGCCGGAAACCAACAAACAATGGTCGAT,42.6,44.6
405,36,1,2738325,2743609,5284,ATCGACCATTGTTTGTTGGTTTCCGGCACTACTGATTTATC,CGTCTCNTTATTTATCTCACCAGCTTTTCGGCACG,44.6,40.5
407,37,0,2750060,2751883,1823,CGTCTCNCGAACGAAAACGGCCCGGCATT,ATAGATTTACCCGCGCCGGTTTCGCCAGTTATTACGGTCAT,48.7,48.7
407,37,1,2751883,2756060,4177,ATGACCGTAATAACTGGCGAAACCGGCGCGGGTAAATCTAT,CGTCTCNGACTGACTTCGCGGGACAAATTGAGG,48.7,50.8
408,37,0,2756060,2761145,5085,CGTCTCNCGAACGAAGAGAACTAATTAAATCCGAAC,CGACTGCAGCCGAAATTACGATCTCCGTCACCGACTATTTT,38.5,48.7
408,37,1,2761145,2762760,1615,AAAATAGTCGGTGACGGAGATCGTAATTTCGGCTGCAGTCG,CGTCTCNGAAAGAAAAACTTGGATATCCGCATACTT,48.7,40.5
409,37,0,2762760,2762811,51,CGTCTCNGAGAGAGCCCGCGAATGCTGTTAACG,TTAAGCAAACTGCTTAAGGTTTCCAGGCAGTTTTACCTGAC,50.8,40.5
409,37,1,2762811,2765400,2589,GTCAGGTAAAACTGCCTGGAAACCTTAAGCAGTTTGCTTAA,GCCATAGTGCGGTTGGCGGTTTCAGCTCTGAACTATTTGAA,40.5,52.8
409,37,2,2765400,2767111,1711,TTCAAATAGTTCAGAGCTGAAACCGCCAACCGCACTATGGC,AAAAGGATTTCACCAGTGGTTTCACTACCCAGTAGGGCAGA,52.8,42.6
409,37,3,2767111,2769486,2375,TCTGCCCTACTGGGTAGTGAAACCACTGGTGAAATCCTTTT,CGTCTCNCTACCTACTGCAGTTGCGTGAGCAG,42.6,48.7
410,37,0,2769486,2770871,1385,CGTCTCNACGTACGTTTCATGTTGCCACGTTGTT,CGTAAGACCTGCAGGGTGAGGCCGGATGAGAAGCCAACCTG,42.6,50.8
410,37,1,2770871,2775486,4615,CAGGTTGGCTTCTCATCCGGCCTCACCCTGCAGGTCTTACG,CGTCTCNCGGGCGGGTATGTTTGTAGAAATGATAT,50.8,52.8
417,37,0,2816492,2819116,2624,CGTCTCNCATACATATGTGCAGGCCTACAATTAGTG,CTGACTCGTCGAGTTGGTGAAACCCTCATGATTGGGGATGA,46.7,48.7
417,37,1,2819116,2819178,62,TCATCCCCAATCATGAGGGTTTCACCAACTCGACGAGTCAG,TAATGCCGGGATACAGAGAGTCCCGACTCTTTTAATCTTTC,48.7,46.7
417,37,2,2819178,2822639,3461,GAAAGATTAAAAGAGTCGGGACTCTCTGTATCCCGGCATTA,CGTCTCNATGAATGACAGAATCAACATCCCGTCGC,46.7,42.6
418,38,0,2822639,2827137,4498,CGTCTCNGGCAGGCATATCCTTACAACTTAAAAAAG,TGCGGCGGAATATTGCCGAGGCCAATCTGCACGCCAATCAA,36.4,50.8
418,38,1,2827137,2828980,1843,TTGATTGGCGTGCAGATTGGCCTCGGCAATATTCCGCCGCA,CGTCTCNTTATTTATCCACGTTTCAGTTTAAGCGCC,50.8,42.6
423,38,0,2856849,2863419,6570,CGTCTCNCTTACTTAAAGGGCACTATGACTCCAAAG,TGTGTGACTACGCCGGAGGTTTCACCGCCTGCGACAATAAA,46.7,50.8
423,38,1,2863419,2863501,82,TTTATTGTCGCAGGCGGTGAAACCTCCGGCGTAGTCACACA,CGTCTCNTTACTTACCCACGGCACGCCGG,50.8,46.7
429,39,0,2897898,2900514,2616,CGTCTCNAACGAACGGCTTCTCGCCTGAGAAG,GTGGATTACTTTTCTCAGGTTTCTAGTAATTGAAATAATAA,50.8,42.6
429,39,1,2900514,2903898,3384,TTATTATTTCAATTACTAGAAACCTGAGAAAAGTAATCCAC,CGTCTCNAATTAATTATCGATACAAAAAATTAAATT,42.6,38.5
433,39,0,2924155,2926006,1851,CGTCTCNAATAAATAAAAAAAGGGAGCACTGTATTC,TCGTTGTGATGACGGAATGAAACCAGGTAACGCAGCAGTTT,42.6,44.6
433,39,1,2926006,2930943,4937,AAACTGCTGCGTTACCTGGTTTCATTCCGTCATCACAACGA,CGTCTCNTTAATTAATCGCAGGCAACGATCTTCATT,44.6,40.5
434,39,0,2930943,2937256,6313,CGTCTCNTCGCTCGCTCTCCAAAGGCCTCG,GAAGGACGATACACTTTGGTTTCTTCAACGTTGTGCATACA,52.8,44.6
434,39,1,2937256,2937359,103,TGTATGCACAACGTTGAAGAAACCAAAGTGTATCGTCCTTC,CGTCTCNTTAATTAACGCTTGTACAACGGACCGTAG,44.6,40.5
436,39,0,2944985,2947721,2736,CGTCTCNGCACGCACAGAACCGGGTCGGA,ATGGCGCTTTTTTATGGGAGTCCAGAAACAAAAAAACACCC,52.8,44.6
436,39,1,2947721,2951985,4264,GGGTGTTTTTTTGTTTCTGGACTCCCATAAAAAAGCGCCAT,CGTCTCNAGTGAGTGGCGCTGACGCGGCG,44.6,50.8
438,39,0,2958985,2965656,6671,CGTCTCNTTATTTATATAACCATCAGTCCGTGACTG,AAACGTTCCTTCTTCCAGGTTTCTGATTTTATCGCACCACT,46.7,44.6
438,39,1,2965656,2966037,381,AGTGGTGCGATAAAATCAGAAACCTGGAAGAAGGAACGTTT,CGTCTCNATGAATGACCAGTAGCTATCTGCATTTTC,44.6,44.6
443,40,0,2991759,2992548,789,CGTCTCNGCATGCATTACAATCATTTGGTTAAATTT,GCCATCGGATAGGTATAGAGGCCATCGATTTTTTTATTTGA,34.4,46.7
443,40,1,2992548,2997504,4956,TCAAATAAAAAAATCGATGGCCTCTATACCTATCCGATGGC,TTTGAACCGGGGATGACGGTTTCCCTCGTTGCCCGGCAACA,46.7,48.7
443,40,2,2997504,2997759,255,TGTTGCCGGGCAACGAGGGAAACCGTCATCCCCGGTTCAAA,CGTCTCNCGGCCGGCTTTACTTAATGTTATTTATCC,48.7,52.8
455,41,0,3069982,3072839,2857,CGTCTCNATCAATCAATGTGCGCTTTGTCATGCC,TATACGGAATTGCCGTTGGTTTCTGTAGATTTTAACCACGA,46.7,44.6
455,41,1,3072839,3077456,4617,TCGTGGTTAAAATCTACAGAAACCAACGGCAATTCCGTATA,CGTCTCNATGAATGAAAACCAAAGTTGCTGCTATTT,44.6,42.6
465,42,0,3138522,3144762,6240,CGTCTCNCACTCACTTTACCTTTAACAATACAACCT,TGTGTCTCTGTGTGCCCGGTTTCTGCACTGAAAAAAGATCC,38.5,50.8
465,42,1,3144762,3146261,1499,GGATCTTTTTTCAGTGCAGAAACCGGGCACACAGAGACACA,CGTCTCNATGAATGACTGGAGATAACACCCTCATCC,50.8,44.6
471,42,0,3181581,3186281,4700,CGTCTCNGCCAGCCACGATACCGGATGGCA,TGTTGCCGGGCAACGAGGGAAACCGTCATCCCCGGTTCAAA,50.8,52.8
471,42,1,3186281,3188581,2300,TTTGAACCGGGGATGACGGTTTCCCTCGTTGCCCGGCAACA,CGTCTCNAGATAGATTGATAATCACGGTTTGTTAAA,52.8,40.5
474,43,0,3200965,3207588,6623,CGTCTCNGGCCGGCCTTTACTTATCGGTTATGTCAC,CTGGTTGTCGGGCCGACGGAAACCATCTCCCATTTGTCGCC,40.5,54.9
474,43,1,3207588,3207976,388,GGCGACAAATGGGAGATGGTTTCCGTCGGCCCGACAACCAG,CGTCTCNTTATTTATTTGATGTAATGGACGTGCTCG,54.9,36.4
475,43,0,3207976,3214419,6443,CGTCTCNCCCTCCCTCCCGGAGAGGCTCA,CGGTTGAGCTTGTTGATGGTTTCAATCATATGCACCGGAAT,54.9,46.7
475,43,1,3214419,3214888,469,ATTCCGGTGCATATGATTGAAACCATCAACAAGCTCAACCG,CGTCTCNTTAATTAATCGTCCAGGAAGCTACGCAG,46.7,40.5
479,43,0,3234667,3238491,3824,CGTCTCNGGCCGGCCTGGAGTAACGTGCTGAA,ACCTCGCCTTCCGGCAAGGTTTCACTTACAACAAAAAAGGA,48.7,52.8
479,43,1,3238491,3240446,1955,TCCTTTTTTGTTGTAAGTGAAACCTTGCCGGAAGGCGAGGT,TTAACCAGGTTTTTGGTGGTTTCGTTACCGTGACGCAGTGC,52.8,42.6
479,43,2,3240446,3240984,538,GCACTGCGTCACGGTAACGAAACCACCAAAAACCTGGTTAA,CAGTGGGATCAGCAGCAGAGTCCCCCCCGCCACGCCGGATG,42.6,50.8
479,43,3,3240984,3241188,204,CATCCGGCGTGGCGGGGGGGACTCTGCTGCTGATCCCACTG,CGTCTCNTTAATTAATTACGCAGGGCGCTATTTGC,50.8,38.5
480,43,0,3241188,3242873,1685,CGTCTCNTTGTTTGTTTAACCCCTTTCGTCTACGGC,CAGAACCGTTTTCTGAAAGAAACCAACAACGCCGAAGGTAC,48.7,42.6
480,43,1,3242873,3247428,4555,GTACCTTCGGCGTTGTTGGTTTCTTTCAGAAAACGGTTCTG,CGTCTCNTCATTCATTTACTGCCGCTGGTGGC,42.6,40.5
488,44,0,3293335,3298053,4718,CGTCTCNTGTGTGTGTCGTCCGTATTGCCGATTT,TTCTCGTTGTCATTGCCGGTTTCTGGTATGTGAAATGGGAA,46.7,46.7
488,44,1,3298053,3299915,1862,TTCCCATTTCACATACCAGAAACCGGCAATGACAACGAGAA,CGTCTCNATGGATGGAAACACTCATCGCCATCAGC,46.7,44.6
491,44,0,3313178,3317765,4587,CGTCTCNAATAAATAAATTCTCCTGACAAAAAAGGG,TGGAAGTCTCCTCACCGGGTTTCGATCGCCCACTGTTCACG,42.6,50.8
491,44,1,3317765,3319980,2215,CGTGAACAGTGGGCGATCGAAACCCGGTGAGGAGACTTCCA,CGTCTCNTTACTTACTGGCCTTTGTTTTCCAGATTC,50.8,46.7
498,45,0,3360616,3362530,1914,CGTCTCNGCGAGCGAGGTAACAATGAATTCGCCAG,CATTCCAGGAATTTCCAGGTTTCTCGCTCTTCCGGCAGGGA,44.6,44.6
498,45,1,3362530,3367642,5112,TCCCTGCCGGAAGAGCGAGAAACCTGGAAATTCCTGGAATG,CGTCTCNTCACTCACAAGTAGACTACGCTTATCACA,44.6,44.6
500,45,0,3374642,3379178,4536,CGTCTCNACATACATCCCGTTTGAATTATTTATAAG,GAGAACCAGACGCTGGCGGTTTCTTTTACTACGCTGTGCGT,36.4,52.8
500,45,1,3379178,3380642,1464,ACGCACAGCGTAGTAAAAGAAACCGCCAGCGTCTGGTTCTC,CGTCTCNTAGTTAGTCGGGGAGGGAGAGAAGAGG,52.8,48.7
506,46,0,3413465,3418064,4599,CGTCTCNGATTGATTAATTATTCAGGAAATAAATAT,ATTGCCAGCAACGTTGCAGAAACCATTCCTCCCATTACCCC,32.3,46.7
506,46,1,3418064,3419465,1401,GGGGTAATGGGAGGAATGGTTTCTGCAACGTTGCTGGCAAT,CGTCTCNTTCGTTCGCGCTTTTTAGCCCCG,46.7,48.7
507,46,0,3419465,3423454,3989,CGTCTCNAGAAAGAACTGGATGGCGCTACCG,CGCCGATGGTAGTGTGGGGTTTCCCCATGCGAGAGTAGGGA,50.8,52.8
507,46,1,3423454,3423699,245,TCCCTACTCTCGCATGGGGAAACCCCACACTACCATCGGCG,CGCCGATGGTAGTGTGGGGTTTCCCCATGCGAGAGTAGGGA,52.8,52.8
507,46,2,3423699,3424525,826,TCCCTACTCTCGCATGGGGAAACCCCACACTACCATCGGCG,GGTAGTTTGACTGGGGCGGTTTCCTCCTAAAGAGTAACGGA,52.8,50.8
507,46,3,3424525,3426465,1940,TCCGTTACTCTTTAGGAGGAAACCGCCCCAGTCAAACTACC,CGTCTCNGATAGATACAGGGTGACAGCCCCG,50.8,46.7
510,46,0,3439560,3442188,2628,CGTCTCNGATAGATACTACGGGTATAAAAAAACCCG,GTTTGCGTCATCGTCGTGGTTTCCCGGTTCGCGGTCAGCGT,42.6,48.7
510,46,1,3442188,3446560,4372,ACGCTGACCGCGAACCGGGAAACCACGACGATGACGCAAAC,CGTCTCNCGGGCGGGAGTAAAGACAGATGAGCATGC,48.7,52.8
511,46,0,3446560,3448181,1621,CGTCTCNTGATTGATTCAATTGGTGACAATTACCAG,TAACGACCTGATTTTCGGGTTTCAGTAGTAGTTGACATTAG,42.6,44.6
511,46,1,3448181,3453270,5089,CTAATGTCAACTACTACTGAAACCCGAAAATCAGGTCGTTA,CGTCTCNATGCATGCAGAACCAAAGAATCCGTATCC,44.6,46.7
513,46,0,3461013,3466616,5603,CGTCTCNGGAAGGAAAGCATATGCGCGCAAC,GAATGTTTAAAAACTGGGGTTTCAAACGTCTCAATGATGTG,48.7,40.5
513,46,1,3466616,3467013,397,CACATCATTGAGACGTTTGAAACCCCAGTTTTTAAACATTC,CGTCTCNAAGAAAGAAAGTATACGGGAGTCTCTATG,40.5,40.5
514,46,0,3467013,3473937,6924,CGTCTCNCAAACAAAAATAAATGAAAATAGTTCTTA,ATCGTATACAGCGCGCTGGAAACCCTGGCTCAGCGCTCTGG,32.3,48.7
514,46,1,3473937,3474081,144,CCAGAGCGCTGAGCCAGGGTTTCCAGCGCGCTGTATACGAT,CGTCTCNATGCATGCCACGTCGTCGCGTC,48.7,48.7
518,47,0,3496877,3498204,1327,CGTCTCNTGTTTGTTTTAACGGGAGGCGCAATG,GGAGAGGTGCCGCCAGAGGAAACCGCTACCATGAGCGGTGA,46.7,54.9
518,47,1,3498204,3503952,5748,TCACCGCTCATGGTAGCGGTTTCCTCTGGCGGCACCTCTCC,CGTCTCNCTACCTACCAGGCACCGTGGTACTG,54.9,50.8
523,47,0,3530652,3533368,2716,CGTCTCNTGAGTGAGTATGTCCGGCAGAGAGGG,ACGAAGTTTTCGGAGTTGAGGCCCTGTTCTTTCCACTGCGG,50.8,44.6
523,47,1,3533368,3536652,3284,CCGCAGTGGAAAGAACAGGGCCTCAACTCCGAAAACTTCGT,CGTCTCNGTGAGTGACGAACGTGAGCTTTTTTAAGA,44.6,48.7
524,47,0,3536652,3540097,3445,CGTCTCNCAGCCAGCTAAATCTGGTATGAATTTCAG,GCGTTTGACAGCGACATGAGTCCAGATGATTTGCCAACAAA,38.5,48.7
524,47,1,3540097,3542964,2867,TTTGTTGGCAAATCATCTGGACTCATGTCGCTGTCAAACGC,CGTCTCNTTAATTAACGCAGCGCCCACCA,48.7,42.6
525,47,0,3542964,3547178,4214,CGTCTCNCCTTCCTTACTCCATCGCCTGTTTTGGAA,AAGGTTTTCGCGCTGTAGAGGCCTTCCGGAATTGGCTTATC,46.7,46.7
525,47,1,3547178,3547790,612,GATAAGCCAATTCCGGAAGGCCTCTACAGCGCGAAAACCTT,ATCGACCAGGATTTGATGGTTTCGCCGATAGTCAGGTTAAA,46.7,44.6
525,47,2,3547790,3550070,2280,TTTAACCTGACTATCGGCGAAACCATCAAATCCTGGTCGAT,CGTCTCNATGGATGGAAAGCAAACGTCTGGATAATG,44.6,46.7
528,48,0,3563518,3567114,3596,CGTCTCNATTAATTAACGTAAGGTGATCAGGTCAGA,GTCTGACCAGCCAGAAAGGTTTCGACCTGGTGCTGGAAGCC,46.7,48.7
528,48,1,3567114,3570518,3404,GGCTTCCAGCACCAGGTCGAAACCTTTCTGGCTGGTCAGAC,CGTCTCNGCGGGCGGAACTGGACCTCGACG,48.7,54.9
529,48,0,3570518,3573052,2534,CGTCTCNACTAACTATGGTTGAGCACGATATCAAGA,GCTCCAAACGCCCGTCGGGTTTCGGTGGTTGGGCAATTCAA,44.6,54.9
529,48,1,3573052,3574923,1871,TTGAATTGCCCAACCACCGAAACCCGACGGGCGTTTGGAGC,GAAAGATGTGCCAAGAGGAGTCCGGCACATTTATACAGCAC,54.9,46.7
529,48,2,3574923,3577592,2669,GTGCTGTATAAATGTGCCGGACTCCTCTTGGCACATCTTTC,CGTCTCNTTGATTGAGCACGACTAACCATGATCACC,46.7,46.7
530,48,0,3577592,3582671,5079,CGTCTCNAGTGAGTGGTGCCCCCACAATACAAG,TTAGCTAAGTCTTTTGAAGGACTCTTAATGTATATTATTTC,48.7,40.5
530,48,1,3582671,3584592,1921,GAAATAATATACATTAAGAGTCCTTCAAAAGACTTAGCTAA,CGTCTCNTCTTTCTTTTTCAGAACGTCGAACGGGAT,40.5,40.5
532,48,0,3590911,3595104,4193,CGTCTCNTACGTACGGTTAATTCCTGAACTGTGCCG,TGATCTACATTATCCTCGGTTTCGGGCTGAACGTGGTTGTT,44.6,42.6
532,48,1,3595104,3595554,450,AACAACCACGTTCAGCCCGAAACCGAGGATAATGTAGATCA,ACGGAATATAAAGATGTGGTTTCATTCGCCCTGCTGATTCT,42.6,40.5
532,48,2,3595554,3597911,2357,AGAATCAGCAGGGCGAATGAAACCACATCTTTATATTCCGT,CGTCTCNATTTATTTCTTTTGGCAGGTGATTAATTT,40.5,36.4
533,48,0,3597911,3600477,2566,CGTCTCNAAAAAAAAAAGAGAAAGCCTCCGATTAAA,GAAGTGGGTGTGCGCCTGGTTTCCTTCGCCGTTCACTGGAT,42.6,52.8
533,48,1,3600477,3600974,497,ATCCAGTGAACGGCGAAGGAAACCAGGCGCACACCCACTTC,GTTCCGTAGCAGGGAAAGAGTCCCCGTTGTCTCTTCCCGGT,52.8,48.7
533,48,2,3600974,3604243,3269,ACCGGGAAGAGACAACGGGGACTCTTTCCCTGCTACGGAAC,CGTCTCNATGGATGGCGAAAGAAAAAAAACGTGGCT,48.7,46.7
536,48,0,3617512,3621500,3988,CGTCTCNCCGACCGACCACCGACCTTGACG,GCGTTGTACGCATGTCTGGTTTCATGCTGCCAGAGCAGTGC,52.8,48.7
536,48,1,3621500,3623782,2282,GCACTGCTCTGGCAGCATGAAACCAGACATGCGTACAACGC,CGTCTCNTTATTTATTTTCCGTGGCCAAAATTCAGA,48.7,38.5
543,49,0,3664618,3669176,4558,CGTCTCNGATTGATTATCCCTTATATTTCATACTGC,GGAAGAATAATGAAAATGGTTTCACGTATTACCGCGATCGG,40.5,38.5
543,49,1,3669176,3671241,2065,CCGATCGCGGTAATACGTGAAACCATTTTCATTATTCTTCC,CGTCTCNTTATTTATGGTTCGCCGTACAAACCAATT,38.5,40.5
547,49,0,3692607,3699802,7195,CGTCTCNCGCGCGCGTTATCATCATTGTTGAGCCAA,ACTGCATTTGAGTTCTCGGAAACCGGTGCTGTTTGTGGCAA,40.5,44.6
547,49,1,3699802,3699893,91,TTGCCACAAACAGCACCGGTTTCCGAGAACTCAAATGCAGT,CGTCTCNTTACTTACTGCGGGTAAGGCACCC,44.6,46.7
549,49,0,3705893,3707662,1769,CGTCTCNGATGGATGGCGCTGCACGCAGA,CAGGGATGCTGAAGCTTGGTTTCAGCCTGGTGGCTATGACC,52.8,48.7
549,49,1,3707662,3712007,4345,GGTCATAGCCACCAGGCTGAAACCAAGCTTCAGCATCCCTG,CGTCTCNATGAATGACACCTTCAAATTATCAGCGT,48.7,44.6
552,50,0,3725318,3727519,2201,CGTCTCNATTAATTATTTCGTGCTGGATACGTGTGG,TTGCGTTAATCACTATCGGTTTCTTGTTTATCGGTGTTTTA,48.7,42.6
552,50,1,3727519,3732123,4604,TAAAACACCGATAAACAAGAAACCGATAGTGATTAACGCAA,CGTCTCNTTACTTACAGCTCGCTCTCTTTGTGGAAT,42.6,44.6
553,50,0,3732123,3733105,982,CGTCTCNGCGTGCGTTACGCCCCAGCGCG,CCAAACAGGCACTGAATGGTTTCGGTACGTCCGGCACCAAC,56.9,46.7
553,50,1,3733105,3737182,4077,GTTGGTGCCGGACGTACCGAAACCATTCAGTGCCTGTTTGG,ATGATTAAATCCGACCAGGAAACCTGATGATTTTGACTCCC,46.7,42.6
553,50,2,3737182,3739527,2345,GGGAGTCAAAATCATCAGGTTTCCTGGTCGGATTTAATCAT,CGTCTCNTTACTTACTGTTGCCCTGCCCAGAC,42.6,42.6
557,50,0,3760081,3764491,4410,CGTCTCNATGGATGGCATAACCTGTACCGCAAACT,GCGTTGTACGCATGTCTGGTTTCATGCTGCCAGAGCAGTGC,44.6,48.7
557,50,1,3764491,3767179,2688,GCACTGCTCTGGCAGCATGAAACCAGACATGCGTACAACGC,CGTCTCNCTATCTATGAACGCTTCAGCTTATCAAT,48.7,44.6
559,50,0,3774194,3777390,3196,CGTCTCNTCCATCCAATCCCACCCTCTCCACAT,GCCAGAGATTCATTGCAGGTTTCCTGGAGTCCACGCACATC,48.7,46.7
559,50,1,3777390,3781194,3804,GATGTGCGTGGACTCCAGGAAACCTGCAATGAATCTCTGGC,CGTCTCNGCAGGCAGGATAGCAGAAAATTGGTGAGC,46.7,50.8
565,51,0,3815098,3815997,899,CGTCTCNCGGACGGATGACTTTTCATCCGGCG,GTTGAAGACTCTGCCGCAGAAACCGACATGAACGTAGTGAT,48.7,48.7
565,51,1,3815997,3817355,1358,ATCACTACGTTCATGTCGGTTTCTGCGGCAGAGTCTTCAAC,TTCTTCAGAATGTTGTAGGTTTCTTTGACATGCGCTTCGAG,48.7,40.5
565,51,2,3817355,3822098,4743,CTCGAAGCGCATGTCAAAGAAACCTACAACATTCTGAAGAA,CGTCTCNAAGCAAGCTCCACAGGTGAAGAAATGACT,40.5,48.7
567,51,0,3828665,3833997,5332,CGTCTCNAGTTAGTTACTCCTTTGTATCCGCATCAC,CGCAATGGCCAGACGGTAGAAACCTGGAACCGGGACGGCGG,46.7,50.8
567,51,1,3833997,3835958,1961,CCGCCGTCCCGGTTCCAGGTTTCTACCGTCTGGCCATTGCG,CGTCTCNAGCAAGCACCCCTATAGCATCAAGGAAAA,50.8,50.8
573,52,0,3867422,3869156,1734,CGTCTCNAATCAATCAATAGCTCCTGAAATCAGCGA,GGCGCGTCGTTTACCGGCGAAACCATTGAGCGTGTGAATAT,44.6,54.9
573,52,1,3869156,3875160,6004,ATATTCACACGCTCAATGGTTTCGCCGGTAAACGACGCGCC,CGTCTCNATGAATGACTCTCAATAAAACCGATCGCA,54.9,44.6
582,52,0,3929440,3936375,6935,CGTCTCNCACGCACGCCAGCGGGGAACAT,AACGGGTTGTTAAGCGTGGAAACCACCAGCGCGATGGTGTC,54.9,46.7
582,52,1,3936375,3937168,793,GACACCATCGCGCTGGTGGTTTCCACGCTTAACAACCCGTT,CGTCTCNCTACCTACTGCTTAACAACCAGTTTCAGA,46.7,46.7
583,53,0,3937168,3938846,1678,CGTCTCNTTTTTTTTAATCAGGTTGTATGACCTGAT,TAGCCATCAGGAATGTTGAGGCCCGCACGTTTCATCGCCGC,42.6,44.6
583,53,1,3938846,3944168,5322,GCGGCGATGAAACGTGCGGGCCTCAACATTCCTGATGGCTA,CGTCTCNCACGCACGGTACTGGTTCACTATCGGTC,44.6,50.8
584,53,0,3944168,3945959,1791,CGTCTCNAGGGAGGGAAAGGCGAAAAGAACCCC,CCGTTACTCTTTAGGAGGAGTCCGCCCCAGTCAAACTACCC,48.7,46.7
584,53,1,3945959,3946785,826,GGGTAGTTTGACTGGGGCGGACTCCTCCTAAAGAGTAACGG,CCCTACTCTCGCATGGGGAGTCCCCACACTACCATCGGCGC,46.7,52.8
584,53,2,3946785,3946986,201,GCGCCGATGGTAGTGTGGGGACTCCCCATGCGAGAGTAGGG,CCCAACACCCGGTTTTGGAGTCCGGTGCTCTACCAATTGAA,52.8,50.8
584,53,3,3946986,3951168,4182,TTCAATTGGTAGAGCACCGGACTCCAAAACCGGGTGTTGGG,CGTCTCNAACGAACGTACAGCATCGGTTTTTGCG,50.8,46.7
585,53,0,3951168,3954985,3817,CGTCTCNGGCGGGCGGTGGCGTGGGTATG,AGCGCACAGGCTTTGCCGAGGCCCATTGATTTCAGGAAGCT,56.9,52.8
585,53,1,3954985,3955243,258,AGCTTCCTGAAATCAATGGGCCTCGGCAAAGCCTGTGCGCT,TAAGCACGCAGGGCAAAGGAAACCTGACGTTCACGATTTTT,52.8,48.7
585,53,2,3955243,3957820,2577,AAAAATCGTGAACGTCAGGTTTCCTTTGCCCTGCGTGCTTA,CGTCTCNGTGGGTGGATTTACGCGATCTGAAAACCT,48.7,46.7
586,53,0,3957820,3958148,328,CGTCTCNAGGGAGGGACAGCCCTCGATGTTGA,AGAGCGTAGGAGATATCGAGGCCAGAATCACGCATGTTCAG,50.8,46.7
586,53,1,3958148,3958967,819,CTGAACATGCGTGATTCTGGCCTCGATATCTCCTACGCTCT,TCAAACGCGGTTTTGCCGGTTTCTTCACGCCAGGTCAGCAG,46.7,48.7
586,53,2,3958967,3964229,5262,CTGCTGACCTGGCGTGAAGAAACCGGCAAAACCGCGTTTGA,CGTCTCNATGGATGGGTTCCACCTCGTCGC,48.7,48.7
587,53,0,3964229,3964514,285,CGTCTCNACTCACTCTTCATCCTTCAATCTGTCTCT,TTGAATTTGCCTGCTATTGAAACCTATATTGGTCACTCAAT,42.6,40.5
587,53,1,3964514,3971229,6715,ATTGAGTGACCAATATAGGTTTCAATAGCAGGCAAATTCAA,CGTCTCNAGAAAGAATGCGAGAGCATGCCTGAC,40.5,44.6
588,53,0,3971229,3974735,3506,CGTCTCNGGAAGGAAGCGTTAAAAAATAATCGGAT,CGTAATGCGGGAATATCGGTTTCTTGTGCCACTACAGCACC,38.5,46.7
588,53,1,3974735,3978933,4198,GGTGCTGTAGTGGCACAAGAAACCGATATTCCCGCATTACG,CGTCTCNCACGCACGCGGTTCATGGTAAACAGC,46.7,52.8
589,53,0,3978933,3982421,3488,CGTCTCNGAGAGAGCCCAATCTTACGTGGGTGATCC,CGACAGGATTCGAACCTGAGTCCTCTGCCTCCGGAGGGCAG,46.7,48.7
589,53,1,3982421,3986007,3586,CTGCCCTCCGGAGGCAGAGGACTCAGGTTCGAATCCTGTCG,CGTCTCNATGGATGGAATTTTCGTTTTCACCCAAAC,48.7,42.6
590,53,0,3986007,3989027,3020,CGTCTCNGCAAGCAAAATGCTCCGGTTTCATGTCAT,ACCTCCGCCGTGGTTGAAGAAACCAGGGAGGCCGTGGACAC,44.6,50.8
590,53,1,3989027,3992045,3018,GTGTCCACGGCCTCCCTGGTTTCTTCAACCACGGCGGAGGT,ATCATGCAGTATGGATCGAGGCCAAACGATACAATCTCGCC,50.8,44.6
590,53,2,3992045,3993699,1654,GGCGAGATTGTATCGTTTGGCCTCGATCCATACTGCATGAT,CGTCTCNTCACTCACGAAAAATATTGCTGTAATAGC,44.6,44.6
594,54,0,4015314,4019615,4301,CGTCTCNAATCAATCCAAACCGGGTGGTAATACCAC,GTTTAAAAGGCATTTCCGGTTTCCTGTCAGAACTTATAACC,46.7,42.6
594,54,1,4019615,4021866,2251,GGTTATAAGTTCTGACAGGAAACCGGAAATGCCTTTTAAAC,CGTCTCNTCAGTCAGCGTGTTTTGCGCCAAC,42.6,48.7
595,54,0,4021866,4023831,1965,CGTCTCNTTTTTTTTTTCATCGCTCAAGGCGGG,AAGTTGCGGTTAAAGTCGAGGCCACATTCACCAATCGCCAC,48.7,44.6
595,54,1,4023831,4028772,4941,GTGGCGATTGGTGAATGTGGCCTCGACTTTAACCGCAACTT,CGTCTCNATGGATGGAACAGGTTGTCATTGTCGATG,44.6,46.7
597,54,0,4035772,4039775,4003,CGTCTCNATTAATTAGCTAGTAGGTGGGGTAACGGC,CCGTTACTCTTTAGGAGGAGTCCGCCCCAGTCAAACTACCC,50.8,46.7
597,54,1,4039775,4040602,827,GGGTAGTTTGACTGGGGCGGACTCCTCCTAAAGAGTAACGG,CCCTACTCTCGCATGAGGAGTCCCCACACTACCATCGGCGC,46.7,50.8
597,54,2,4040602,4041999,1397,GCGCCGATGGTAGTGTGGGGACTCCTCATGCGAGAGTAGGG,CGTCTCNGTGAGTGAATCTGATGACGACGATAACAG,50.8,46.7
607,55,0,4107525,4113791,6266,CGTCTCNTTGCTTGCATTCCAAAGTTCAGAGGTAGT,ACACAACAGTTGCTGAAAGAAACCCGGCAGATGACGAAACA,42.6,42.6
607,55,1,4113791,4114525,734,TGTTTCGTCATCTGCCGGGTTTCTTTCAGCAACTGTTGTGT,CGTCTCNTTTTTTTTTTGTTCGGAGAACGAAGATAA,42.6,36.4
609,55,0,4122287,4127357,5070,CGTCTCNGAGCGAGCTGACCCCTTGGTTACGAATAC,CCGCTTGAGGAAACGGTGGTTTCGCCACAAGCCGTTTTCGA,46.7,50.8
609,55,1,4127357,4128425,1068,TCGAAAACGGCTTGTGGCGAAACCACCGTTTCCTCAAGCGG,CGTCTCNAATTAATTTATTGACGAAGAGGATTAAGT,50.8,36.4
615,55,0,4160847,4161398,551,CGTCTCNGGTAGGTAAGCCAATTGATCCCCGTCAT,ATGAACTCCATAAATGTGGAAACCGAGGTGCGGATCACACT,46.7,40.5
615,55,1,4161398,4167847,6449,AGTGTGATCCGCACCTCGGTTTCCACATTTATGGAGTTCAT,CGTCTCNATCCATCCCCACCTTCCTCCAGTTTATCA,40.5,50.8
616,56,0,4167847,4170896,3049,CGTCTCNGACGGACGTCAAGTCATCATGGCCCTT,CCGTTACTCTTTAGGAGGAGTCCGCCCCAGTCAAACTACCC,46.7,46.7
616,56,1,4170896,4171722,826,GGGTAGTTTGACTGGGGCGGACTCCTCCTAAAGAGTAACGG,CCCTACTCTCGCATGGGGAGTCCCCACACTACCATCGGCGC,46.7,52.8
616,56,2,4171722,4174047,2325,GCGCCGATGGTAGTGTGGGGACTCCCCATGCGAGAGTAGGG,CGTCTCNTTATTTATTTTTCTGCACTACGCAGGGAT,52.8,36.4
619,56,0,4188047,4189329,1282,CGTCTCNGTCGGTCGTGACCTGGCGCGTG,TCGGTCAGCACGCGAGTGGTTTCCTGGAACGATGCCGCGGA,56.9,52.8
619,56,1,4189329,4195047,5718,TCCGCGGCATCGTTCCAGGAAACCACTCGCGTGCTGACCGA,CGTCTCNCGTCCGTCTCTCGCGGCGGTTC,52.8,52.8
620,56,0,4195047,4196247,1200,CGTCTCNATACATACCGGTCAGGCGTTTCGC,GAGTGCCTTAACTGGCTGAGTCCGTTTATTCGGGATCCGCG,50.8,48.7
620,56,1,4196247,4201261,5014,CGCGGATCCCGAATAAACGGACTCAGCCAGTTAAGGCACTC,CGTCTCNTCAGTCAGAACGTTTTCTCGTTGGGTTG,48.7,46.7
622,56,0,4208261,4212298,4037,CGTCTCNAGTAAGTAATGTCTGGGAAACTGCCTGAT,CCGTTACTCTTTAGGAGGAGTCCGCCCCAGTCAAACTACCC,46.7,46.7
622,56,1,4212298,4213125,827,GGGTAGTTTGACTGGGGCGGACTCCTCCTAAAGAGTAACGG,CCCTACTCTCGCATGGGGAGTCCCCACACTACCATCGGCGC,46.7,52.8
622,56,2,4213125,4215261,2136,GCGCCGATGGTAGTGTGGGGACTCCCCATGCGAGAGTAGGG,CGTCTCNAGGTAGGTGCCTGAGGTAAGGTGCT,52.8,50.8
626,56,0,4235407,4241762,6355,CGTCTCNTCATTCATCGTCGATATGTAGGCCGGAT,CATATTCGCGGGAAACTGGTTTCTTTTAACCAGTTTGCGAT,48.7,46.7
626,56,1,4241762,4242407,645,ATCGCAAACTGGTTAAAAGAAACCAGTTTCCCGCGAATATG,CGTCTCNTTGTTTGTTTTTATCAATTTTGGATAATT,46.7,38.5
627,57,0,4242407,4246283,3876,CGTCTCNTACTTACTATTGCCGTGACTCAGAGCAC,GCGATAAAGGCTATAACGGTTTCGCTGAAGTCGGTAAGAAA,48.7,44.6
627,57,1,4246283,4249407,3124,TTTCTTACCGACTTCAGCGAAACCGTTATAGCCTTTATCGC,CGTCTCNGACAGACAGCCGTTGTAGGCCTGAT,44.6,50.8
629,57,0,4256466,4257734,1268,CGTCTCNAAACAAACGATGTAAAGCCTCTGGTTAAT,ACGCCAGGCGGCATCGCGGTTTCAGAGATATGTTACAGCCA,40.5,56.9
629,57,1,4257734,4262706,4972,TGGCTGTAACATATCTCTGAAACCGCGATGCCGCCTGGCGT,CGTCTCNTTAATTAACGCTTATCCGCCACCAGTTT,56.9,40.5
630,57,0,4262706,4265912,3206,CGTCTCNCTTTCTTTTCACCAAAAAGTAGTCAAATT,TCGGGGAGCGTTCGCGCGGTTTCAAGAAGACCGTGACCATA,38.5,56.9
630,57,1,4265912,4268706,2794,TATGGTCACGGTCTTCTTGAAACCGCGCGAACGCTCCCCGA,CGTCTCNTTGATTGATATTGGTAATCAATATAAGGT,56.9,40.5
632,57,0,4274706,4280020,5314,CGTCTCNAAAGAAAGCATCTGCCAGCCATAAAAAAG,GTGACCACCCCGGACAGCGAAACCACGAGGGTCATTATCAG,42.6,54.9
632,57,1,4280020,4281706,1686,CTGATAATGACCCTCGTGGTTTCGCTGTCCGGGGTGGTCAC,CGTCTCNCCCGCCCGAGCTAACCTGTTAAAGGTGC,54.9,54.9
634,57,0,4287706,4289816,2110,CGTCTCNCGTGCGTGAAAAACAATAAAAACCGCCAT,GGTGAGAAACTGGCGACGAGTCCAGGTCATGGCTGCTCCTT,38.5,50.8
634,57,1,4289816,4292767,2951,AAGGAGCAGCCATGACCTGGACTCGTCGCCAGTTTCTCACC,TCCTGACGGCTGACGCTGGAAACCACGACCCCAGCGGCAAA,50.8,52.8
634,57,2,4292767,4294139,1372,TTTGCCGCTGGGGTCGTGGTTTCCAGCGTCAGCCGTCAGGA,CGTCTCNTTAATTAATCCAATCTCCGCTGCAACAAT,52.8,38.5
635,57,0,4294139,4299369,5230,CGTCTCNTCATTCATCTGGTGATGAAGATTATGTCA,ATTTGATTAACTGGAGCGAGTCCGATGAAAAAAGTCGTCAC,40.5,42.6
635,57,1,4299369,4301139,1770,GTGACGACTTTTTTCATCGGACTCGCTCCAGTTAATCAAAT,CGTCTCNCCACCCACCTTATTAAAACAGGAGCAACA,42.6,48.7
648,58,0,4382318,4386639,4321,CGTCTCNGACAGACATTCCTCCAGATTGTTTTTATC,TTGCCGCGCTCGGTGTTGGTTTCGGTTTTGGTTTGCAGGAA,40.5,52.8
648,58,1,4386639,4389370,2731,TTCCTGCAAACCAAAACCGAAACCAACACCGAGCGCGGCAA,CGTCTCNGTGCGTGCGCCTGATTATCACTTTTCTGA,52.8,54.9
650,59,0,4396046,4400772,4726,CGTCTCNCCTTCCTTTGAAAGGTGGCGGGATGA,GCTTCGACACCGGCGGAAGAAACCAGAGATTCAAACTCCTG,46.7,52.8
650,59,1,4400772,4403297,2525,CAGGAGTTTGAATCTCTGGTTTCTTCCGCCGGTGTCGAAGC,CGTCTCNTTATTTATTCCCCCTGACGCTGGTAGT,52.8,42.6
665,60,0,4497743,4498366,623,CGTCTCNGGTCGGACTCGTGATGCTGTTGAACG,TGTTGCCGGGCAACGAGGGAAACCGTCATCCCCGGTTCAAA,46.7,52.8
665,60,1,4498366,4503743,5377,TTTGAACCGGGGATGACGGTTTCCCTCGTTGCCCGGCAACA,CGTCTCNAATAAATAAAACTCCCTTCGTCAAATGAG,52.8,36.4
666,60,0,4503743,4508188,4445,CGTCTCNCAACCAACCTGAACGGACTACGAAAATGA,GAAAAGCTGGAGATGAAATGATCTCCAGAGCAAATATCAGG,42.6,42.6
666,60,1,4508188,4509793,1605,CCTGATATTTGCTCTGGAGATCATTTCATCTCCAGCTTTTC,CGTCTCNTCAATCAACTAAAACTGGCCTCCGCG,42.6,40.5
667,60,0,4509793,4511663,1870,CGTCTCNCCACCCACAACAGACTACCTGAAGGGAG,GCCCGATTAGCTTTATTGGTTTCGTGGTGCCGCATATGATG,46.7,44.6
667,60,1,4511663,4513729,2066,CATCATATGCGGCACCACGAAACCAATAAAGCTAATCGGGC,TTCAACCTGCATACTCAGGAAACCTGGACCGGCAGCGTGCT,44.6,44.6
667,60,2,4513729,4516598,2869,AGCACGCTGCCGGTCCAGGTTTCCTGAGTATGCAGGTTGAA,GCCTGCTGCCGCTGGCCGGTTTCTCGTTTTCCGCTTTTGCT,44.6,59.0
667,60,3,4516598,4516677,79,AGCAAAAGCGGAAAACGAGAAACCGGCCAGCGGCAGCAGGC,CGTCTCNATGAATGACGCCGTTACGCGTTTTTC,59.0,48.7
668,60,0,4516677,4517908,1231,CGTCTCNACCTACCTTCCCCATCATCATTTTTGTTG,GAACGCGAAAGCCAACTCGAAACCCTACAACTCCTCGACAG,42.6,48.7
668,60,1,4517908,4523930,6022,CTGTCGAGGAGTTGTAGGGTTTCGAGTTGGCTTTCGCGTTC,GAATGCCGGAATGGGTTGGTGTCCGGACGAGCTGGATCGGG,48.7,48.7
668,60,2,4523930,4524094,164,CCCGATCCAGCTCGTCCGGACACCAACCCATTCCGGCATTC,CGTCTCNATGTATGTCTGTTCGCAATATTTTTGCTG,48.7,42.6
669,60,0,4524094,4526873,2779,CGTCTCNGAGTGAGTTTCTCCTCAGACTGGTAAAAT,TTTCTGATGAGCCAACAGAGTCCTGACCGTATCAAACAGAT,42.6,44.6
669,60,1,4526873,4528503,1630,ATCTGTTTGATACGGTCAGGACTCTGTTGGCTCATCAGAAA,TGGGACACTAACGTCGGTGAAACCATCCGTCATCAACACCG,44.6,48.7
669,60,2,4528503,4529202,699,CGGTGTTGATGACGGATGGTTTCACCGACGTTAGTGTCCCA,GCTACGGTTATCCACCGCGGTGACCTGGTCAGGACGTTGAT,48.7,52.8
669,60,3,4529202,4531822,2620,ATCAACGTCCTGACCAGGTCACCGCGGTGGATAACCGTAGC,CGTCTCNTCCATCCAGCCCGTAACTTTCACAAACG,52.8,52.8
674,61,0,4560680,4567442,6762,CGTCTCNAACAAACAATCCCCATTGTTTTTTTGTGT,ATCCTGATGGTGATGTCGGTTTCGGTCGAAATCGGCCGCTG,40.5,46.7
674,61,1,4567442,4568519,1077,CAGCGGCCGATTTCGACCGAAACCGACATCACCATCAGGAT,CGTCTCNATGCATGCCACGTTTTTTTACCCGCC,46.7,48.7
675,61,0,4568519,4574379,5860,CGTCTCNAACAAACAAACAACTCCTTGTCCGGAGAA,GTATAACCTGCCTCGCTGGTTTCTCCTGCGGCAATAATCAA,46.7,48.7
675,61,1,4574379,4576419,2040,TTGATTATTGCCGCAGGAGAAACCAGCGAGGCAGGTTATAC,CGTCTCNAGAAAGAATTGATCCCAACAACGCCAGC,48.7,40.5
676,61,0,4576419,4582922,6503,CGTCTCNGAGAGAGCCCGCTAAAAACAAAGCTGACC,TTTTTGAAAATGTGTAAAGAAACCGGTCAGGAAGCGGAATA,44.6,34.4
676,61,1,4582922,4583048,126,TATTCCGCTTCCTGACCGGTTTCTTTACACATTTTCAAAAA,CGTCTCNATGAATGAACAATAACGATCTGGTCGCGA,34.4,40.5
