tile,lvl1_group,site_genome_pos,original_nt,mutant_nt,codon_change,amino_acid,gene,mutagenic_fwd,mutagenic_rev,fwd_tm,rev_tm,primer_length
2,0,14838,C,T,GAC→GAT,D,dnaJ,GCAGGGGTGGACACTGGAGATCGCATCCGTCTTGCGGGCGA,TCGCCCGCAAGACGGATGCGATCTCCAGTGTCCACCCCTGC,70.4,70.4,41
2,0,18890,T,C,GGT→GGC,G,nhaR,TTTAAACGCAAGGGACGTGGCCTCGAACCCAGCGAGCTGGG,CCCAGCTCGCTGGGTTCGAGGCCACGTCCCTTGCGTTTAAA,68.4,68.4,41
8,0,59027,A,T,AGA→CGT,R,yabP,AATGATATCCTTTATGAGAGTCCTGGGTGGAATGCTAACCT,AGGTTAGCATTCCACCCAGGACTCTCATAAAGGATATCATT,60.4,60.4,41
9,0,67833,G,A,GTC→GTT,V,araA,TGACGGGTATCCTGTTTAGAAACCGCCTGACGCATCCAGGA,TCCTGGATGCGTCAGGCGGTTTCTAAACAGGATACCCGTCA,65.4,65.4,41
13,1,96588,T,C,GGT→GGC,G,mraY,GCGGTAAACCTGACCGATGGCCTCGACGGCCTGGCAATTAT,ATAATTGCCAGGCCGTCGAGGCCATCGGTCAGGTTTACCGC,67.4,67.4,41
28,2,200507,T,C,GGT→GGC,G,skp,AAGTGGTTATTAGCTGCAGGCCTCGGTTTAGCACTGGCAAC,GTTGCCAGTGCTAAACCGAGGCCTGCAGCTAATAACCACTT,64.4,64.4,41
32,2,228014,T,A,intergenic,,intergenic,GGGTAGTTTGACTGGGGCGGACTCCTCCTAAAGAGTAACGG,CCGTTACTCTTTAGGAGGAGTCCGCCCCAGTCAAACTACCC,66.4,66.4,41
39,3,271032,C,T,GTC→GTT,V,insN,AAAGCTGGAGATGAAATGGTTTCCAGAGCAAATATCAGGAT,ATCCTGATATTTGCTCTGGAAACCATTTCATCTCCAGCTTT,59.4,59.4,41
39,3,273469,T,C,GGT→GGC,G,ykfC,GCGGGACATATCGATGTCGGCCTCTTTCGGGCGGCCAGTGA,TCACTGGCCGCCCGAAAGAGGCCGACATCGATATGTCCCGC,69.4,69.4,41
39,3,273895,C,T,GTC→GTT,V,ykfC,TATGGCGAGATGCGAGTGGTTTCAACGATCCCGCAGGAGAA,TTCTCCTGCGGGATCGTTGAAACCACTCGCATCTCGCCATA,65.4,65.4,41
40,3,275548,G,A,GAG→GAA,E,mmuP,CTGTCGGTCGCGATGCCGGAAACCGGAGCGTTTCACGTTTA,TAAACGTGAAACGCTCCGGTTTCCGGCATCGCGACCGACAG,67.4,67.4,41
40,3,281428,C,T,GAG→GAA,E,yagA,ACCAGCTGCTGCTGCACGGTTTCGCGCCGTTCATCGGTACA,TGTACCGATGAACGGCGCGAAACCGTGCAGCAGCAGCTGGT,68.4,68.4,41
41,3,284732,G,A,GAG→GAA,E,yagF,TCCGGCACCGGCATGGAAGAAACCTACCAGCTCACCTCCGC,GCGGAGGTGAGCTGGTAGGTTTCTTCCATGCCGGTGCCGGA,69.4,69.4,41
41,3,285546,C,T,GTC→GTT,V,yagG,ATGGGCACGCTGTTTTTGGTTTCCCGCGTGCTCGACGCCGT,ACGGCGTCGAGCACGCGGGAAACCAAAAACAGCGTGCCCAT,68.4,68.4,41
41,3,287657,G,A,GAG→GAA,E,yagH,TACTGCCCGCTGGGGCGCGAAACCGGCATCGCCCGCATTGA,TCAATGCGGGCGATGCCGGTTTCGCGCCCCAGCGGGCAGTA,71.4,71.4,41
42,3,292357,T,A,GGA→GGT,G,yagK,CTACAGCCGAAGTTACGGTCACCTTCACCAAACACTTTGCT,AGCAAAGTGTTTGGTGAAGGTGACCGTAACTTCGGCTGTAG,63.4,63.4,41
43,3,300580,C,T,GAG→GAA,E,paoC,GCTCGCGCCTGTTCGAAGGTTTCGGCCACTACCAGCGCAAT,ATTGCGCTGGTAGTGGCCGAAACCTTCGAACAGGCGCGAGC,68.4,68.4,41
44,4,304857,G,A,GTC→GTT,V,ecpE,GTGGGGACCTCGCGAAATGAAACCCGGTAGTAGCGCTCGCG,CGCGAGCGCTACTACCGGGTTTCATTTCGCGAGGTCCCCAC,69.4,69.4,41
45,4,311250,G,C,TCT→AGT,S,matA,AGAAGTAGGCGTCATGGGGACACCAGATGTATTTATCAGAA,TTCTGATAAATACATCTGGTGTCCCCATGACGCCTACTTCT,61.4,61.4,41
46,4,322972,G,A,GAG→GAA,E,ykgF,TGTAATTTCGCGGTGGCAGAAACCGGTTCGGTATGCCTGGT,ACCAGGCATACCGAACCGGTTTCTGCCACCGCGAAATTACA,65.4,65.4,41
47,4,328100,C,T,GAG→GAA,E,betB,TCGGTCAGATATTGCCCGGTTTCCGCGCCCACGCCCGGCAA,TTGCCGGGCGTGGGCGCGGAAACCGGGCAATATCTGACCGA,70.4,70.4,41
47,4,328658,C,T,GAG→GAA,E,betB,CCGTTGGCCGGGTTAATGGTTTCGAAGGTGCGACCGCTGGT,ACCAGCGGTCGCACCTTCGAAACCATTAACCCGGCCAACGG,68.4,68.4,41
55,5,381444,T,A,AGA→CGT,R,yaiX,CTTTGAACCGGGGATGACGGACTCCCTCGTTGCCCGGCAAC,GTTGCCGGGCAACGAGGGAGTCCGTCATCCCCGGTTCAAAG,69.4,69.4,41
66,6,455206,G,A,GAG→GAA,E,tig,ATCGCTGCTGACAGCATCGAAACCGCTGTTAAAAGCGAGCT,AGCTCGCTTTTAACAGCGGTTTCGATGCTGTCAGCAGCGAT,64.4,64.4,41
69,6,475014,C,T,GAG→GAA,E,tesB,AGCCGCTCTTCAGGGACGGTTTCTTTTGCAGCATACAAGGC,GCCTTGTATGCTGCAAAAGAAACCGTCCCTGAAGAGCGGCT,65.4,65.4,41
72,6,497659,G,A,GAG→GAA,E,adk,CGTAAAGATGATCAGGAAGAAACCGTACGTAAACGTCTGGT,ACCAGACGTTTACGTACGGTTTCTTCCTGATCATCTTTACG,61.4,61.4,41
76,6,519842,G,A,GAG→GAA,E,ybbA,CTGGTTGTCAAACGTGGCGAAACCATCGCACTGGTGGGCGA,TCGCCCACCAGTGCGATGGTTTCGCCACGTTTGACAACCAG,67.4,67.4,41
89,8,603935,G,C,TCT→AGT,S,ybdG,TAAAGGAGTCAGAAACCAGACACCAGGTGGGAATAGTGGTA,TACCACTATTCCCACCTGGTGTCTGGTTTCTGACTCCTTTA,62.4,62.4,41
95,8,647912,G,A,GTC→GTT,V,citX,GGCGCAACCACGGTAAAGGAAACCAGTGGAACAGGATGGCG,CGCCATCCTGTTCCACTGGTTTCCTTTACCGTGGTTGCGCC,67.4,67.4,41
97,8,659038,C,T,GAC→GAT,D,tatE,TTACGTACGCTGGGCGGAGATCTTGGAGCGGCCATTAAAGG,CCTTTAATGGCCGCTCCAAGATCTCCGCCCAGCGTACGTAA,66.4,66.4,41
101,9,684153,G,A,CTC→TTA,L,rihA,CGGTAATGCCGGGCCGTCGAAACCGCTTTCGCCGTGCACAT,ATGTGCACGGCGAAAGCGGTTTCGACGGCCCGGCATTACCG,69.4,69.4,41
108,9,731891,G,A,GAG→GAA,E,rhsC,GAACTGCTCTGGCAGCATGAAACCAGACATGCGTACAACGC,GCGTTGTACGCATGTCTGGTTTCATGCTGCCAGAGCAGTTC,65.4,65.4,41
111,10,754474,T,A,intergenic,,intergenic,TTTGTATCAGCCATTTAAGGACTCCTTAGCGCCTTATTGCG,CGCAATAAGGCGCTAAGGAGTCCTTAAATGGCTGATACAAA,61.4,61.4,41
111,10,754957,T,A,intergenic,,intergenic,CAGCCTATACTGCCGCCAGGACTCCGGAACACCCTGCAATC,GATTGCAGGGTGTTCCGGAGTCCTGGCGGCAGTATAGGCTG,68.4,68.4,41
112,10,759115,G,A,GAG→GAA,E,sucA,ACCGAAGCAGACTTCCAGGAAACCTTCAACGTCGGTTCATT,AATGAACCGACGTTGAAGGTTTCCTGGAAGTCTGCTTCGGT,63.4,63.4,41
113,10,767620,G,A,GAG→GAA,E,mngA,TTTAAAGAGTTTGAAATTGAAACCGGGAAATCCACCTGGCT,AGCCAGGTGGATTTCCCGGTTTCAATTTCAAACTCTTTAAA,59.4,59.4,41
116,10,790057,T,A,CGA→CGT,R,galT,GCCTGTTCTGCGGTCAGGTCACGCTGGGTCTCTGCCAGCAT,ATGCTGGCAGAGACCCAGCGTGACCTGACCGCAGAACAGGC,69.4,69.4,41
116,10,790066,C,T,GAG→GAA,E,galT,GCGGTCAGGTCTCGCTGGGTTTCTGCCAGCATTTCATAACC,GGTTATGAAATGCTGGCAGAAACCCAGCGAGACCTGACCGC,66.4,66.4,41
130,11,887011,G,A,CTC→TTA,L,ybjJ,ACTTGCCCCAAAGACGCCGAAACCAACGGCAAAGAGCAGGG,CCCTGCTCTTTGCCGTTGGTTTCGGCGTCTTTGGGGCAAGT,67.4,67.4,41
137,12,927805,G,A,CTC→TTA,L,cydC,TTCACCTAACCAACTGTTGAAACCTGCATCCTCGAGCAGCT,AGCTGCTCGAGGATGCAGGTTTCAACAGTTGGTTAGGTGAA,63.4,63.4,41
140,12,950396,C,T,GAG→GAA,E,pflA,CCTTTCACGCGTTCCATGGTTTCTTTCTTCGGTGGTTTAAC,GTTAAACCACCGAAGAAAGAAACCATGGAACGCGTGAAAGG,62.4,62.4,41
141,12,959833,G,A,GAG→GAA,E,aroA,TATAACTGGCGTGTTAAAGAAACCGATCGCCTGTTTGCGAT,ATCGCAAACAGGCGATCGGTTTCTTTAACACGCCAGTTATA,61.4,61.4,41
142,12,964651,T,C,GGT→GGC,G,ycaI,CGTATATTCCCTGCGTCAGGCCTCGTGATGTATGGCGAATA,TATTCGCCATACATCACGAGGCCTGACGCAGGGAATATACG,64.4,64.4,41
143,13,968026,T,C,GGT→GGC,G,msbA,ATCAATAAGATGGATAACGGCCTCGATACAGTGATTGGTGA,TCACCAATCACTGTATCGAGGCCGTTATCCATCTTATTGAT,60.4,60.4,41
149,13,1013306,T,A,TCT→AGT,S,pqiB,TCCAGAAAGTGAAGAACTGGACTCCCGTGTGGATATTTCCT,AGGAAATATCCACACGGGAGTCCAGTTCTTCACTTTCTGGA,62.4,62.4,41
161,14,1091257,C,T,GAG→GAA,E,pgaA,GATAAATCCGGGGCAATGGTTTCCTTGTGATAAAAGAGCTC,GAGCTCTTTTATCACAAGGAAACCATTGCCCCGGATTTATC,61.4,61.4,41
161,14,1094176,G,A,GAG→GAA,E,dgcT,GCACTTTACGAGGCGAAAGAAACCGGGCGTAATAAGGTGGT,ACCACCTTATTACGCCCGGTTTCTTTCGCCTCGTAAAGTGC,64.4,64.4,41
169,15,1148195,T,C,GGT→GGC,G,plsX,GGTGAAGAAGAAGTAAAGGGCCTCGACAGTATTCGGGATGC,GCATCCCGAATACTGTCGAGGCCCTTTACTTCTTCTTCACC,64.4,64.4,41
179,16,1210920,C,T,GAC→GAT,D,mcrA,CAAAAAGTTTATGTCCGAGATCCGATGGTAAAAGCTTGGAT,ATCCAAGCTTTTACCATCGGATCTCGGACATAAACTTTTTG,59.4,59.4,41
185,16,1255312,G,A,CTC→TTA,L,ycgV,ATTGGCGTTATTGCCGTTGAAACCACCGATATAAACACCTG,CAGGTGTTTATATCGGTGGTTTCAACGGCAATAACGCCAAT,61.4,61.4,41
186,16,1262567,G,A,CTC→TTA,L,ispE,ATTGGATGAACCACCGCCGAAACCGCCGCCCATCGGCAAAC,GTTTGCCGATGGGCGGCGGTTTCGGCGGTGGTTCATCCAAT,68.4,68.4,41
192,17,1301384,C,T,GAC→GAT,D,oppA,GAGTCTAATATCAGCCGAGATCTGTTTGAAGGCTTACTGGT,ACCAGTAAGCCTTCAAACAGATCTCGGCTGATATTAGACTC,61.4,61.4,41
202,18,1371027,G,A,GAG→GAA,E,ycjM,GGTACAGTGATCATTACCGAAACCAATGTTCCGCATAAAGA,TCTTTATGCGGAACATTGGTTTCGGTAATGATCACTGTACC,60.4,60.4,41
205,18,1390136,G,A,GTC→GTT,V,mpaA,GCCAGTGGATCGTGGAATGAAACCACCCAGGCAGGTTGAAT,ATTCAACCTGCCTGGGTGGTTTCATTCCACGATCCACTGGC,65.4,65.4,41
206,18,1398628,T,A,intergenic,,intergenic,TGATACATAGCCATACAGGGACTCCTTACAACAACTGTCAA,TTGACAGTTGTTGTAAGGAGTCCCTGTATGGCTATGTATCA,60.4,60.4,41
210,19,1418753,T,C,GGT→GGC,G,sieB,TATACGATTATCATTTTTGGCCTCACTCTCTGGCTGATACC,GGTATCAGCCAGAGAGTGAGGCCAAAAATGATAATCGTATA,60.4,60.4,41
211,19,1428551,T,C,GGT→GGC,G,lomR,GCAGTGAATACGCAGCATGGCCTCCAGCGGATAGGGCCGTC,GACGGCCCTATCCGCTGGAGGCCATGCTGCGTATTCACTGC,69.4,69.4,41
212,19,1433299,T,A,CGA→CGT,R,pinR,GTGCGTTCAAGTAAAAGGTCACGTTCAAATTCAGCGACTGC,GCAGTCGCTGAATTTGAACGTGACCTTTTACTTGAACGCAC,62.4,62.4,41
212,19,1433807,G,A,intergenic,,intergenic,CAACCCCGTAATTTTGGTGAAACCCAAAATCGATTTTGTGA,TCACAAAATCGATTTTGGGTTTCACCAAAATTACGGGGTTG,59.4,59.4,41
217,19,1469053,G,A,GAG→GAA,E,ydbA,TGTTGCCGGGCAACGAGGGAAACCGTCATCCCCGGTTCAAA,TTTGAACCGGGGATGACGGTTTCCCTCGTTGCCCGGCAACA,67.4,67.4,41
217,19,1469786,T,A,TCT→AGT,S,ydbA,AAAAGCTGGAGATGAAATGGACTCCAGAGCAAATATCAGGA,TCCTGATATTTGCTCTGGAGTCCATTTCATCTCCAGCTTTT,60.4,60.4,41
226,20,1528035,G,A,intergenic,,intergenic,GAACTGCTGTGGCACCATGAAACCGGACATGCGTACAACGA,TCGTTGTACGCATGTCCGGTTTCATGGTGCCACAGCAGTTC,65.4,65.4,41
230,20,1557004,C,T,GTC→GTT,V,osmC,GCAAAAGCAGGATGCCCGGTTTCTCAGGTACTGAAAGCGGA,TCCGCTTTCAGTACCTGAGAAACCGGGCATCCTGCTTTTGC,65.4,65.4,41
233,21,1575642,G,A,GTC→GTT,V,yddB,ACTGGAACGCTATCGTAAGAAACCAGATTACCGTTATAAAC,GTTTATAACGGTAATCTGGTTTCTTACGATAGCGTTCCAGT,59.4,59.4,41
234,21,1581017,G,A,CTC→TTA,L,ydeN,TAGATCCGTCAGTTTGTAGAAACCTAACTGATTGTTTTCTA,TAGAAAACAATCAGTTAGGTTTCTACAAACTGACGGATCTA,57.4,57.4,41
234,21,1586189,T,A,GGA→GGT,G,ydeP,GCAGCCTCAAGCTCGTGGTCACCCCAGGTAAGTAATGATTG,CAATCATTACTTACCTGGGGTGACCACGAGCTTGAGGCTGC,65.4,65.4,41
242,22,1633998,C,T,GAC→GAT,D,pinQ,GTCGCTGAATTTGAACGAGATCTTTTACTTGAACGCACTCA,TGAGTGCGTTCAAGTAAAAGATCTCGTTCAAATTCAGCGAC,60.4,60.4,41
243,22,1645114,T,A,intergenic,,intergenic,GGGATTTCTCCCCCGCCGGGACTCTTACTCCTCAGGTTCGT,ACGAACCTGAGGAGTAAGAGTCCCGGCGGGGGAGAAATCCC,68.4,68.4,41
244,22,1648005,T,A,TCT→AGT,S,dicA,ACCTCAAACACACCCAAAGGACTCTTGCTAAAGCCCTGAAA,TTTCAGGGCTTTAGCAAGAGTCCTTTGGGTGTGTTTGAGGT,62.4,62.4,41
253,23,1705837,T,C,GGT→GGC,G,rsxA,GTACTGGTCAAGTTTCTCGGCCTCTGTCCGTTTATGGGGGT,ACCCCCATAAACGGACAGAGGCCGAGAAACTTGACCAGTAC,65.4,65.4,41
258,23,1741660,T,C,GGT→GGC,G,cfa,AGCAAAGTCTTACGCGCAGGCCTCGAGAACCAACTCCCCCA,TGGGGGAGTTGGTTCTCGAGGCCTGCGCGTAAGACTTTGCT,67.4,67.4,41
259,23,1749313,T,A,AGA→CGT,R,ydhT,GCAAACTGACTGCAAAATGGACTCTCTCCGGGGTCTGTGGC,GCCACAGACCCCGGAGAGAGTCCATTTTGCAGTCAGTTTGC,66.4,66.4,41
262,23,1767052,G,A,CTC→TTA,L,ydiJ,TTTCATCATCGGCGCATCGAAACCTTCTGGCGGGCAAATCT,AGATTTGCCCGCCAGAAGGTTTCGATGCGCCGATGATGAAA,64.4,64.4,41
263,23,1774894,G,A,GAG→GAA,E,aroD,GCAGCAAAAATTCTCCGTGAAACCATGCCAGAAAAACCGCT,AGCGGTTTTTCTGGCATGGTTTCACGGAGAATTTTTGCTGC,62.4,62.4,41
266,24,1796114,C,T,GAG→GAA,E,pheT,AAATCATAGAAATCAACGGTTTCTTTTGCCAGGTTCCAGTG,CACTGGAACCTGGCAAAAGAAACCGTTGATTTCTATGATTT,59.4,59.4,41
273,24,1843303,T,A,TCT→AGT,S,gdhA,TCGAAGGCCAACAGCCGTGGACTCTACCGGTTGATATCGCC,GGCGATATCAACCGGTAGAGTCCACGGCTGTTGGCCTTCGA,67.4,67.4,41
276,25,1862611,T,A,intergenic,,intergenic,GGGGCGCCGACCCCATGTGGACTCAAGCCCAAAGGAAGAGT,ACTCTTCCTTTGGGCTTGAGTCCACATGGGGTCGGCGCCCC,69.4,69.4,41
281,25,1897500,T,C,GGT→GGC,G,sdaA,ACCGGCTATTCGCTGTCTGGCCTCGCTATGCAGAACGAACT,AGTTCGTTCTGCATAGCGAGGCCAGACAGCGAATAGCCGGT,66.4,66.4,41
282,25,1905563,G,A,intergenic,,intergenic,GAATACTTTCAGTCAGGCGAAACCATATGCACATCAATCGC,GCGATTGATGTGCATATGGTTTCGCCTGACTGAAAGTATTC,61.4,61.4,41
282,25,1906926,G,C,TCT→AGT,S,rlmA,CGCTGTCGCCCGGATCACGACACCGTTTATGCTGAACGGGC,GCCCGTTCAGCATAAACGGTGTCGTGATCCGGGCGACAGCG,69.4,69.4,41
285,25,1923110,G,A,intergenic,,intergenic,GCTTTTAACAGATAAAAAGAAACCGAACACGATTCCTGTAT,ATACAGGAATCGTGTTCGGTTTCTTTTTATCTGTTAAAAGC,57.4,57.4,41
286,26,1931719,C,T,GTC→GTT,V,purT,GAGGTGATTTTCAGTGAGGTTTCCCCTCGTCCACATGATAC,GTATCATGTGGACGAGGGGAAACCTCACTGAAAATCACCTC,63.4,63.4,41
296,26,1996769,C,T,GAG→GAA,E,sdiA,TGGTAGACCTCTTCTGCGGTTTCCATCCTCTGAAAACGCAA,TTGCGTTTTCAGAGGATGGAAACCGCAGAAGAGGTCTACCA,63.4,63.4,41
297,27,2004524,C,T,GTC→GTT,V,fliD,AGCAGCAACGGTATGGAGGTTTCGGTTGCCGCCCAGAATGC,GCATTCTGGGCGGCAACCGAAACCTCCATACCGTTGCTGCT,67.4,67.4,41
298,27,2011635,G,A,intergenic,,intergenic,ATCAGATTATTATCTACGGAAACCTGGGTAATTCCATCGGA,TCCGATGGAATTACCCAGGTTTCCGTAGATAATAATCTGAT,59.4,59.4,41
303,27,2043524,G,A,intergenic,,intergenic,GCCCCTACTCCGGTTTTCGAAACCGGTCCGTTCAGCCGCTC,GAGCGGCTGAACGGACCGGTTTCGAAAACCGGAGTAGGGGC,69.4,69.4,41
303,27,2045384,T,A,TCT→AGT,S,yeeJ,GTACTTCACAGCAAATCGGGACTCTGCTCGCCGAAGATATG,CATATCTTCGGCGAGCAGAGTCCCGATTTGCTGTGAAGTAC,64.4,64.4,41
304,27,2050387,C,T,GTC→GTT,V,yeeJ,ATCATCAGCCAGAATACGGTTTCTACTAATACGCAGGGTGT,ACACCCTGCGTATTAGTAGAAACCGTATTCTGGCTGATGAT,61.4,61.4,41
304,27,2050921,T,C,GGT→GGC,G,yeeJ,AGTGGTAACCTGATCGAAGGCCTCACTGTGTACTTCGCCTT,AAGGCGAAGTACACAGTGAGGCCTTCGATCAGGTTACCACT,64.4,64.4,41
307,27,2070085,A,T,AGA→CGT,R,yoeA,GTTGCCGGGCAACGAGGGAGTCCGTCATCCCCGGTTCAAAG,CTTTGAACCGGGGATGACGGACTCCCTCGTTGCCCGGCAAC,69.4,69.4,41
307,27,2071055,T,A,intergenic,,intergenic,TGCGCACGGAATCTGTCCGGACTCAGGCCCGTGAACAGTTT,AAACTGTTCACGGGCCTGAGTCCGGACAGATTCCGTGCGCA,67.4,67.4,41
307,27,2071170,T,A,intergenic,,intergenic,TGCCGTCCGTGACACGGTGGACTCTGTTGCCCGTGCGGTAT,ATACCGCACGGGCAACAGAGTCCACCGTGTCACGGACGGCA,69.4,69.4,41
312,28,2104517,C,T,GAG→GAA,E,wbbJ,GCTTTTTCCCATAATTTGGTTTCATGATTGTATTTCTTTAT,ATAAAGAAATACAATCATGAAACCAAATTATGGGAAAAAGC,54.4,54.4,41
312,28,2104912,G,A,CTC→TTA,L,wbbJ,TCCAAATGCATCCAGCCTGAAACCGACTCCACTTGTGAAAT,ATTTCACAAGTGGAGTCGGTTTCAGGCTGGATGCATTTGGA,62.4,62.4,41
312,28,2105053,G,A,CTC→TTA,L,wbbJ,AAGCCGAATAAAACCACAGAAACCATATCGTTTAGCGAGTT,AACTCGCTAAACGATATGGTTTCTGTGGTTTTATTCGGCTT,59.4,59.4,41
313,28,2114290,G,A,CTC→TTA,L,galF,AGGCAACATATGCATCCCGAAACCCGCTACAGGAATAACTG,CAGTTATTCCTGTAGCGGGTTTCGGGATGCATATGTTGCCT,63.4,63.4,41
315,28,2127873,C,T,GAG→GAA,E,gmd,CGCGGGTAGAACGGCGTGGTTTCTTTCTGCGGAATTTCCTG,CAGGAAATTCCGCAGAAAGAAACCACGCCGTTCTACCCGCG,66.4,66.4,41
315,28,2128032,G,A,GTC→GTT,V,gmd,TATTCTGGTGACTCAAAAGAAACCGCAACGTGGCTCATTGC,GCAATGAGCCACGTTGCGGTTTCTTTTGAGTCACCAGAATA,62.4,62.4,41
319,29,2154635,T,C,GGT→GGC,G,mdtA,CCAGTCGATGGTCGCGTTGGCCTCAAGCAGGTTGATGTTGG,CCAACATCAACCTGCTTGAGGCCAACGCGACCATCGACTGG,67.4,67.4,41
322,29,2171526,C,T,GAG→GAA,E,gatR,TTAAACCCGACTTCCTGGGTTTCGGTTTCACTATTACCAGA,TCTGGTAATAGTGAAACCGAAACCCAGGAAGTCGGGTTTAA,61.4,61.4,41
327,29,2209866,G,A,GAG→GAA,E,yehQ,CGCGCATTGCAGGCGGCAGAAACCTGCAACTGGCGCTGGGT,ACCCAGCGCCAGTTGCAGGTTTCTGCCGCCTGCAATGCGCG,70.4,70.4,41
331,30,2237842,G,A,CTC→TTA,L,mglA,ATCGACAATTCCGGAAACGAAACCATTGCTCATGACCAGAA,TTCTGGTCATGAGCAATGGTTTCGTTTCCGGAATTGTCGAT,61.4,61.4,41
338,30,2280627,G,A,intergenic,,intergenic,AGAATAATCTACCTACGCGAAACCATGATTTTTACACTTCG,CGAAGTGTAAAAATCATGGTTTCGCGTAGGTAGATTATTCT,58.4,58.4,41
341,31,2302686,G,A,CTC→TTA,L,napA,GGCAACGCCCGGCACGCTGAAACCGGCAGCCGCCGCAGCGG,CCGCTGCGGCGGCTGCCGGTTTCAGCGTGCCGGGCGTTGCC,75.4,75.4,41
344,31,2322086,G,A,GAG→GAA,E,atoC,AAGGAGATGCGCAGCCATGAAACCCGGACACCCGTTATTCT,AGAATAACGGGTGTCCGGGTTTCATGGCTGCGCATCTCCTT,65.4,65.4,41
351,31,2371995,C,T,GTC→GTT,V,arnT,ATTATTGCCACATTTGTGGTTTCCCCGTGGGGACCAATGAA,TTCATTGGTCCCCACGGGGAAACCACAAATGTGGCAATAAT,62.4,62.4,41
352,32,2382945,G,A,GAG→GAA,E,elaD,GTTAGAACCCCAACAAATGAAACCCTATCGATTATCCGACT,AGTCGGATAATCGATAGGGTTTCATTTGTTGGGGTTCTAAC,60.4,60.4,41
352,32,2383287,T,C,GGT→GGC,G,elaD,CAAGTCAATTATCCTACTGGCCTCTACGTCCCCTACTCCAC,GTGGAGTAGGGGACGTAGAGGCCAGTAGGATAATTGACTTG,64.4,64.4,41
359,32,2427341,C,T,GAG→GAA,E,argT,ACGCCTTTACTACGCCAGGTTTCGTTAGCGTAAGCTTCCTG,CAGGAAGCTTACGCTAACGAAACCTGGCGTAGTAAAGGCGT,64.4,64.4,41
359,32,2427751,G,A,CTC→TTA,L,argT,GCTGGAAGCCGCTGTGGAGAAACCGACTAACAAAGACAGAG,CTCTGTCTTTGTTAGTCGGTTTCTCCACAGCGGCTTCCAGC,65.4,65.4,41
364,33,2465296,G,A,intergenic,,intergenic,CGTGCTAATTCAAGAGAAGAAACCATGGACAACGACAAAAT,ATTTTGTCGTTGTCCATGGTTTCTTCTCTTGAATTAGCACG,59.4,59.4,41
365,33,2471002,G,A,intergenic,,intergenic,CGGAAGCTGATGCAGGCAGAAACCTCCCGACTTAACACTGT,ACAGTGTTAAGTCGGGAGGTTTCTGCCTGCATCAGCTTCCG,65.4,65.4,41
366,33,2473737,C,T,GTC→GTT,V,yfdP,ACGAAAACCAAAGGTAAGGTTTCACTCAACCTGGAAATCGA,TCGATTTCCAGGTTGAGTGAAACCTTACCTTTGGTTTTCGT,60.4,60.4,41
368,33,2491491,G,A,GTC→GTT,V,oxc,CCAGGGCGACCCGATACAGAAACCCGGATAGCGCGTGCCAA,TTGGCACGCGCTATCCGGGTTTCTGTATCGGGTCGCCCTGG,69.4,69.4,41
369,33,2494738,C,T,GTC→GTT,V,ypdI,TTCAGCTTATTTTTATTGGTTTCTATTATGGCATGCAATGT,ACATTGCATGCCATAATAGAAACCAATAAAAATAAGCTGAA,55.4,55.4,41
369,33,2495205,G,A,GTC→GTT,V,yfdY,ACCATGCCGAAGAAAGAAGAAACCGCCGATACCACGTTCAG,CTGAACGTGGTATCGGCGGTTTCTTCTTTCTTCGGCATGGT,64.4,64.4,41
373,33,2524176,G,A,GTC→GTT,V,xapA,GCCATATTGGTAATCGCAGAAACCGCAACGACTTTAAGGTC,GACCTTAAAGTCGTTGCGGTTTCTGCGATTACCAATATGGC,62.4,62.4,41
373,33,2525986,T,A,CGA→CGT,R,yfeR,ATTAGCGCATTGCCCTGGTCACGTACCACGTCCCATAAAGC,GCTTTATGGGACGTGGTACGTGACCAGGGCAATGCGCTAAT,65.4,65.4,41
380,34,2568622,G,A,CTC→TTA,L,eutG,CAGCAACATGGCGTTCGCGAAACCGTGCGGAATATGCAGCG,CGCTGCATATTCCGCACGGTTTCGCGAACGCCATGTTGCTG,67.4,67.4,41
393,35,2663436,G,A,intergenic,,intergenic,CTTTAACATCCAGTGAGAGAAACCGATGCATCCGATGCTGA,TCAGCATCGGATGCATCGGTTTCTCTCACTGGATGTTAAAG,62.4,62.4,41
400,36,2704826,G,A,GTC→GTT,V,lepB,TGAATCGTCAGCTCTTTTGAAACCGGATCGTAAGTGACTTT,AAAGTCACTTACGATCCGGTTTCAAAAGAGCTGACGATTCA,60.4,60.4,41
402,36,2719945,G,A,intergenic,,intergenic,ATTCGGTCACTTCTGCGGGAAACCGGTATGAGTCAGCGAGG,CCTCGCTGACTCATACCGGTTTCCCGCAGAAGTGACCGAAT,66.4,66.4,41
403,36,2726100,G,A,intergenic,,intergenic,TCCCTACTCTCGCATGGGGAAACCCCACACTACCATCGGCG,CGCCGATGGTAGTGTGGGGTTTCCCCATGCGAGAGTAGGGA,68.4,68.4,41
403,36,2726926,G,A,intergenic,,intergenic,TCCGTTACTCTTTAGGAGGAAACCGCCCCAGTCAAACTACC,GGTAGTTTGACTGGGGCGGTTTCCTCCTAAAGAGTAACGGA,64.4,64.4,41
405,36,2738325,C,T,GTC→GTT,V,pheA,ATCGACCATTGTTTGTTGGTTTCCGGCACTACTGATTTATC,GATAAATCAGTAGTGCCGGAAACCAACAAACAATGGTCGAT,60.4,60.4,41
407,37,2751883,G,A,GAG→GAA,E,recN,ATGACCGTAATAACTGGCGAAACCGGCGCGGGTAAATCTAT,ATAGATTTACCCGCGCCGGTTTCGCCAGTTATTACGGTCAT,63.4,63.4,41
408,37,2761145,C,T,GAC→GAT,D,yfjJ,AAAATAGTCGGTGACGGAGATCGTAATTTCGGCTGCAGTCG,CGACTGCAGCCGAAATTACGATCTCCGTCACCGACTATTTT,63.4,63.4,41
409,37,2762811,G,A,GTC→GTT,V,abpB,GTCAGGTAAAACTGCCTGGAAACCTTAAGCAGTTTGCTTAA,TTAAGCAAACTGCTTAAGGTTTCCAGGCAGTTTTACCTGAC,60.4,60.4,41
409,37,2765400,G,A,intergenic,,intergenic,TTCAAATAGTTCAGAGCTGAAACCGCCAACCGCACTATGGC,GCCATAGTGCGGTTGGCGGTTTCAGCTCTGAACTATTTGAA,63.4,63.4,41
409,37,2767111,G,A,GAG→GAA,E,rnlB,TCTGCCCTACTGGGTAGTGAAACCACTGGTGAAATCCTTTT,AAAAGGATTTCACCAGTGGTTTCACTACCCAGTAGGGCAGA,62.4,62.4,41
410,37,2770871,T,C,GGT→GGC,G,yfjS,CAGGTTGGCTTCTCATCCGGCCTCACCCTGCAGGTCTTACG,CGTAAGACCTGCAGGGTGAGGCCGGATGAGAAGCCAACCTG,68.4,68.4,41
417,37,2819116,C,T,GAG→GAA,E,csrA,TCATCCCCAATCATGAGGGTTTCACCAACTCGACGAGTCAG,CTGACTCGTCGAGTTGGTGAAACCCTCATGATTGGGGATGA,64.4,64.4,41
417,37,2819178,T,A,intergenic,,intergenic,GAAAGATTAAAAGAGTCGGGACTCTCTGTATCCCGGCATTA,TAATGCCGGGATACAGAGAGTCCCGACTCTTTTAATCTTTC,61.4,61.4,41
418,38,2827137,T,C,GGT→GGC,G,srlE,TTGATTGGCGTGCAGATTGGCCTCGGCAATATTCCGCCGCA,TGCGGCGGAATATTGCCGAGGCCAATCTGCACGCCAATCAA,66.4,66.4,41
423,38,2863419,G,A,GAG→GAA,E,ygbK,TTTATTGTCGCAGGCGGTGAAACCTCCGGCGTAGTCACACA,TGTGTGACTACGCCGGAGGTTTCACCGCCTGCGACAATAAA,65.4,65.4,41
429,39,2900514,G,A,intergenic,,intergenic,TTATTATTTCAATTACTAGAAACCTGAGAAAAGTAATCCAC,GTGGATTACTTTTCTCAGGTTTCTAGTAATTGAAATAATAA,54.4,54.4,41
433,39,2926006,C,T,GTC→GTT,V,queF,AAACTGCTGCGTTACCTGGTTTCATTCCGTCATCACAACGA,TCGTTGTGATGACGGAATGAAACCAGGTAACGCAGCAGTTT,62.4,62.4,41
434,39,2937256,G,A,GAG→GAA,E,fucI,TGTATGCACAACGTTGAAGAAACCAAAGTGTATCGTCCTTC,GAAGGACGATACACTTTGGTTTCTTCAACGTTGTGCATACA,60.4,60.4,41
436,39,2947721,T,A,intergenic,,intergenic,GGGTGTTTTTTTGTTTCTGGACTCCCATAAAAAAGCGCCAT,ATGGCGCTTTTTTATGGGAGTCCAGAAACAAAAAAACACCC,60.4,60.4,41
438,39,2965656,G,A,GTC→GTT,V,lgt,AGTGGTGCGATAAAATCAGAAACCTGGAAGAAGGAACGTTT,AAACGTTCCTTCTTCCAGGTTTCTGATTTTATCGCACCACT,60.4,60.4,41
443,40,2992548,T,C,GGT→GGC,G,ygeH,TCAAATAAAAAAATCGATGGCCTCTATACCTATCCGATGGC,GCCATCGGATAGGTATAGAGGCCATCGATTTTTTTATTTGA,59.4,59.4,41
443,40,2997504,G,A,GTC→GTT,V,insC4,TGTTGCCGGGCAACGAGGGAAACCGTCATCCCCGGTTCAAA,TTTGAACCGGGGATGACGGTTTCCCTCGTTGCCCGGCAACA,67.4,67.4,41
455,41,3072839,G,A,GTC→GTT,V,epd,TCGTGGTTAAAATCTACAGAAACCAACGGCAATTCCGTATA,TATACGGAATTGCCGTTGGTTTCTGTAGATTTTAACCACGA,59.4,59.4,41
465,42,3144762,G,A,GTC→GTT,V,hybA,GGATCTTTTTTCAGTGCAGAAACCGGGCACACAGAGACACA,TGTGTCTCTGTGTGCCCGGTTTCTGCACTGAAAAAAGATCC,63.4,63.4,41
471,42,3186281,C,T,GTC→GTT,V,yqiG,TTTGAACCGGGGATGACGGTTTCCCTCGTTGCCCGGCAACA,TGTTGCCGGGCAACGAGGGAAACCGTCATCCCCGGTTCAAA,67.4,67.4,41
474,43,3207588,C,T,GTC→GTT,V,ttdB,GGCGACAAATGGGAGATGGTTTCCGTCGGCCCGACAACCAG,CTGGTTGTCGGGCCGACGGAAACCATCTCCCATTTGTCGCC,68.4,68.4,41
475,43,3214419,G,A,GAG→GAA,E,rpoD,ATTCCGGTGCATATGATTGAAACCATCAACAAGCTCAACCG,CGGTTGAGCTTGTTGATGGTTTCAATCATATGCACCGGAAT,61.4,61.4,41
479,43,3238491,G,A,intergenic,,intergenic,TCCTTTTTTGTTGTAAGTGAAACCTTGCCGGAAGGCGAGGT,ACCTCGCCTTCCGGCAAGGTTTCACTTACAACAAAAAAGGA,62.4,62.4,41
479,43,3240446,G,A,GAG→GAA,E,sstT,GCACTGCGTCACGGTAACGAAACCACCAAAAACCTGGTTAA,TTAACCAGGTTTTTGGTGGTTTCGTTACCGTGACGCAGTGC,63.4,63.4,41
479,43,3240984,T,A,TCT→AGT,S,sstT,CATCCGGCGTGGCGGGGGGGACTCTGCTGCTGATCCCACTG,CAGTGGGATCAGCAGCAGAGTCCCCCCCGCCACGCCGGATG,72.4,72.4,41
480,43,3242873,C,T,GAG→GAA,E,uxaA,GTACCTTCGGCGTTGTTGGTTTCTTTCAGAAAACGGTTCTG,CAGAACCGTTTTCTGAAAGAAACCAACAACGCCGAAGGTAC,62.4,62.4,41
488,44,3298053,G,A,CTC→TTA,L,yraQ,TTCCCATTTCACATACCAGAAACCGGCAATGACAACGAGAA,TTCTCGTTGTCATTGCCGGTTTCTGGTATGTGAAATGGGAA,61.4,61.4,41
491,44,3317765,G,A,CTC→TTA,L,rimP,CGTGAACAGTGGGCGATCGAAACCCGGTGAGGAGACTTCCA,TGGAAGTCTCCTCACCGGGTTTCGATCGCCCACTGTTCACG,67.4,67.4,41
498,45,3362530,G,A,GAG→GAA,E,yhcA,TCCCTGCCGGAAGAGCGAGAAACCTGGAAATTCCTGGAATG,CATTCCAGGAATTTCCAGGTTTCTCGCTCTTCCGGCAGGGA,65.4,65.4,41
500,45,3379178,G,A,GTC→GTT,V,zapE,ACGCACAGCGTAGTAAAAGAAACCGCCAGCGTCTGGTTCTC,GAGAACCAGACGCTGGCGGTTTCTTTTACTACGCTGTGCGT,65.4,65.4,41
506,46,3418064,C,T,GTC→GTT,V,acrF,GGGGTAATGGGAGGAATGGTTTCTGCAACGTTGCTGGCAAT,ATTGCCAGCAACGTTGCAGAAACCATTCCTCCCATTACCCC,64.4,64.4,41
507,46,3423454,G,A,intergenic,,intergenic,TCCCTACTCTCGCATGGGGAAACCCCACACTACCATCGGCG,CGCCGATGGTAGTGTGGGGTTTCCCCATGCGAGAGTAGGGA,68.4,68.4,41
507,46,3423699,G,A,intergenic,,intergenic,TCCCTACTCTCGCATGGGGAAACCCCACACTACCATCGGCG,CGCCGATGGTAGTGTGGGGTTTCCCCATGCGAGAGTAGGGA,68.4,68.4,41
507,46,3424525,G,A,intergenic,,intergenic,TCCGTTACTCTTTAGGAGGAAACCGCCCCAGTCAAACTACC,GGTAGTTTGACTGGGGCGGTTTCCTCCTAAAGAGTAACGGA,64.4,64.4,41
510,46,3442188,G,A,CTC→TTA,L,rpsM,ACGCTGACCGCGAACCGGGAAACCACGACGATGACGCAAAC,GTTTGCGTCATCGTCGTGGTTTCCCGGTTCGCGGTCAGCGT,68.4,68.4,41
511,46,3448181,G,A,intergenic,,intergenic,CTAATGTCAACTACTACTGAAACCCGAAAATCAGGTCGTTA,TAACGACCTGATTTTCGGGTTTCAGTAGTAGTTGACATTAG,59.4,59.4,41
513,46,3466616,G,A,CTC→TTA,L,bfr,CACATCATTGAGACGTTTGAAACCCCAGTTTTTAAACATTC,GAATGTTTAAAAACTGGGGTTTCAAACGTCTCAATGATGTG,58.4,58.4,41
514,46,3473937,C,T,GAG→GAA,E,rpsG,CCAGAGCGCTGAGCCAGGGTTTCCAGCGCGCTGTATACGAT,ATCGTATACAGCGCGCTGGAAACCCTGGCTCAGCGCTCTGG,68.4,68.4,41
518,47,3498204,C,T,GTC→GTT,V,cysG,TCACCGCTCATGGTAGCGGTTTCCTCTGGCGGCACCTCTCC,GGAGAGGTGCCGCCAGAGGAAACCGCTACCATGAGCGGTGA,69.4,69.4,41
523,47,3533368,T,C,GGT→GGC,G,pck,CCGCAGTGGAAAGAACAGGGCCTCAACTCCGAAAACTTCGT,ACGAAGTTTTCGGAGTTGAGGCCCTGTTCTTTCCACTGCGG,65.4,65.4,41
524,47,3540097,T,A,intergenic,,intergenic,TTTGTTGGCAAATCATCTGGACTCATGTCGCTGTCAAACGC,GCGTTTGACAGCGACATGAGTCCAGATGATTTGCCAACAAA,62.4,62.4,41
525,47,3547178,T,C,GGT→GGC,G,gntT,GATAAGCCAATTCCGGAAGGCCTCTACAGCGCGAAAACCTT,AAGGTTTTCGCGCTGTAGAGGCCTTCCGGAATTGGCTTATC,64.4,64.4,41
525,47,3547790,G,A,GAG→GAA,E,gntT,TTTAACCTGACTATCGGCGAAACCATCAAATCCTGGTCGAT,ATCGACCAGGATTTGATGGTTTCGCCGATAGTCAGGTTAAA,61.4,61.4,41
528,48,3567114,G,A,CTC→TTA,L,glgA,GGCTTCCAGCACCAGGTCGAAACCTTTCTGGCTGGTCAGAC,GTCTGACCAGCCAGAAAGGTTTCGACCTGGTGCTGGAAGCC,67.4,67.4,41
529,48,3573052,G,A,GTC→GTT,V,glgB,TTGAATTGCCCAACCACCGAAACCCGACGGGCGTTTGGAGC,GCTCCAAACGCCCGTCGGGTTTCGGTGGTTGGGCAATTCAA,67.4,67.4,41
529,48,3574923,T,A,intergenic,,intergenic,GTGCTGTATAAATGTGCCGGACTCCTCTTGGCACATCTTTC,GAAAGATGTGCCAAGAGGAGTCCGGCACATTTATACAGCAC,63.4,63.4,41
530,48,3582671,A,T,AGA→CGT,R,yhhZ,GAAATAATATACATTAAGAGTCCTTCAAAAGACTTAGCTAA,TTAGCTAAGTCTTTTGAAGGACTCTTAATGTATATTATTTC,54.4,54.4,41
532,48,3595104,G,A,CTC→TTA,L,livM,AACAACCACGTTCAGCCCGAAACCGAGGATAATGTAGATCA,TGATCTACATTATCCTCGGTTTCGGGCTGAACGTGGTTGTT,62.4,62.4,41
532,48,3595554,G,A,GTC→GTT,V,livH,AGAATCAGCAGGGCGAATGAAACCACATCTTTATATTCCGT,ACGGAATATAAAGATGTGGTTTCATTCGCCCTGCTGATTCT,60.4,60.4,41
533,48,3600477,G,A,GTC→GTT,V,rpoH,ATCCAGTGAACGGCGAAGGAAACCAGGCGCACACCCACTTC,GAAGTGGGTGTGCGCCTGGTTTCCTTCGCCGTTCACTGGAT,67.4,67.4,41
533,48,3600974,T,A,intergenic,,intergenic,ACCGGGAAGAGACAACGGGGACTCTTTCCCTGCTACGGAAC,GTTCCGTAGCAGGGAAAGAGTCCCCGTTGTCTCTTCCCGGT,67.4,67.4,41
536,48,3621500,G,A,GAG→GAA,E,rhsB,GCACTGCTCTGGCAGCATGAAACCAGACATGCGTACAACGC,GCGTTGTACGCATGTCTGGTTTCATGCTGCCAGAGCAGTGC,66.4,66.4,41
543,49,3669176,G,A,GTC→GTT,V,ccp,CCGATCGCGGTAATACGTGAAACCATTTTCATTATTCTTCC,GGAAGAATAATGAAAATGGTTTCACGTATTACCGCGATCGG,60.4,60.4,41
547,49,3699802,C,T,GTC→GTT,V,bcsG,TTGCCACAAACAGCACCGGTTTCCGAGAACTCAAATGCAGT,ACTGCATTTGAGTTCTCGGAAACCGGTGCTGTTTGTGGCAA,63.4,63.4,41
549,49,3707662,G,A,CTC→TTA,L,dppA,GGTCATAGCCACCAGGCTGAAACCAAGCTTCAGCATCCCTG,CAGGGATGCTGAAGCTTGGTTTCAGCCTGGTGGCTATGACC,66.4,66.4,41
552,50,3727519,G,A,CTC→TTA,L,yiaB,TAAAACACCGATAAACAAGAAACCGATAGTGATTAACGCAA,TTGCGTTAATCACTATCGGTTTCTTGTTTATCGGTGTTTTA,57.4,57.4,41
553,50,3733105,G,A,GAG→GAA,E,xylG,GTTGGTGCCGGACGTACCGAAACCATTCAGTGCCTGTTTGG,CCAAACAGGCACTGAATGGTTTCGGTACGTCCGGCACCAAC,66.4,66.4,41
553,50,3737182,C,T,GAG→GAA,E,baxL,GGGAGTCAAAATCATCAGGTTTCCTGGTCGGATTTAATCAT,ATGATTAAATCCGACCAGGAAACCTGATGATTTTGACTCCC,60.4,60.4,41
557,50,3764491,G,A,GAG→GAA,E,rhsA,GCACTGCTCTGGCAGCATGAAACCAGACATGCGTACAACGC,GCGTTGTACGCATGTCTGGTTTCATGCTGCCAGAGCAGTGC,66.4,66.4,41
559,50,3777390,G,A,intergenic,,intergenic,GATGTGCGTGGACTCCAGGAAACCTGCAATGAATCTCTGGC,GCCAGAGATTCATTGCAGGTTTCCTGGAGTCCACGCACATC,65.4,65.4,41
565,51,3815997,C,T,GAG→GAA,E,rph,ATCACTACGTTCATGTCGGTTTCTGCGGCAGAGTCTTCAAC,GTTGAAGACTCTGCCGCAGAAACCGACATGAACGTAGTGAT,63.4,63.4,41
565,51,3817355,G,A,GAG→GAA,E,yicC,CTCGAAGCGCATGTCAAAGAAACCTACAACATTCTGAAGAA,TTCTTCAGAATGTTGTAGGTTTCTTTGACATGCGCTTCGAG,60.4,60.4,41
567,51,3833997,C,T,GAG→GAA,E,yicI,CCGCCGTCCCGGTTCCAGGTTTCTACCGTCTGGCCATTGCG,CGCAATGGCCAGACGGTAGAAACCTGGAACCGGGACGGCGG,70.4,70.4,41
573,52,3869156,C,T,GAG→GAA,E,yidR,ATATTCACACGCTCAATGGTTTCGCCGGTAAACGACGCGCC,GGCGCGTCGTTTACCGGCGAAACCATTGAGCGTGTGAATAT,65.4,65.4,41
582,52,3936375,C,T,GTC→GTT,V,rbsB,GACACCATCGCGCTGGTGGTTTCCACGCTTAACAACCCGTT,AACGGGTTGTTAAGCGTGGAAACCACCAGCGCGATGGTGTC,66.4,66.4,41
583,53,3938846,T,C,GGT→GGC,G,rbsR,GCGGCGATGAAACGTGCGGGCCTCAACATTCCTGATGGCTA,TAGCCATCAGGAATGTTGAGGCCCGCACGTTTCATCGCCGC,67.4,67.4,41
584,53,3945959,T,A,intergenic,,intergenic,GGGTAGTTTGACTGGGGCGGACTCCTCCTAAAGAGTAACGG,CCGTTACTCTTTAGGAGGAGTCCGCCCCAGTCAAACTACCC,66.4,66.4,41
584,53,3946785,T,A,intergenic,,intergenic,GCGCCGATGGTAGTGTGGGGACTCCCCATGCGAGAGTAGGG,CCCTACTCTCGCATGGGGAGTCCCCACACTACCATCGGCGC,70.4,70.4,41
584,53,3946986,T,A,intergenic,,intergenic,TTCAATTGGTAGAGCACCGGACTCCAAAACCGGGTGTTGGG,CCCAACACCCGGTTTTGGAGTCCGGTGCTCTACCAATTGAA,65.4,65.4,41
585,53,3954985,T,C,GGT→GGC,G,ilvD,AGCTTCCTGAAATCAATGGGCCTCGGCAAAGCCTGTGCGCT,AGCGCACAGGCTTTGCCGAGGCCCATTGATTTCAGGAAGCT,66.4,66.4,41
585,53,3955243,C,T,GTC→GTT,V,ilvD,AAAAATCGTGAACGTCAGGTTTCCTTTGCCCTGCGTGCTTA,TAAGCACGCAGGGCAAAGGAAACCTGACGTTCACGATTTTT,62.4,62.4,41
586,53,3958148,T,C,GGT→GGC,G,ilvC,CTGAACATGCGTGATTCTGGCCTCGATATCTCCTACGCTCT,AGAGCGTAGGAGATATCGAGGCCAGAATCACGCATGTTCAG,64.4,64.4,41
586,53,3958967,G,A,GAG→GAA,E,ilvC,CTGCTGACCTGGCGTGAAGAAACCGGCAAAACCGCGTTTGA,TCAAACGCGGTTTTGCCGGTTTCTTCACGCCAGGTCAGCAG,66.4,66.4,41
587,53,3964514,C,T,GAG→GAA,E,rhlB,ATTGAGTGACCAATATAGGTTTCAATAGCAGGCAAATTCAA,TTGAATTTGCCTGCTATTGAAACCTATATTGGTCACTCAAT,57.4,57.4,41
588,53,3974735,G,A,GAG→GAA,E,rffC,GGTGCTGTAGTGGCACAAGAAACCGATATTCCCGCATTACG,CGTAATGCGGGAATATCGGTTTCTTGTGCCACTACAGCACC,64.4,64.4,41
589,53,3982421,T,A,intergenic,,intergenic,CTGCCCTCCGGAGGCAGAGGACTCAGGTTCGAATCCTGTCG,CGACAGGATTCGAACCTGAGTCCTCTGCCTCCGGAGGGCAG,69.4,69.4,41
590,53,3989027,C,T,GAG→GAA,E,hemX,GTGTCCACGGCCTCCCTGGTTTCTTCAACCACGGCGGAGGT,ACCTCCGCCGTGGTTGAAGAAACCAGGGAGGCCGTGGACAC,69.4,69.4,41
590,53,3992045,T,C,GGT→GGC,G,cyaA,GGCGAGATTGTATCGTTTGGCCTCGATCCATACTGCATGAT,ATCATGCAGTATGGATCGAGGCCAAACGATACAATCTCGCC,63.4,63.4,41
594,54,4019615,G,A,intergenic,,intergenic,GGTTATAAGTTCTGACAGGAAACCGGAAATGCCTTTTAAAC,GTTTAAAAGGCATTTCCGGTTTCCTGTCAGAACTTATAACC,59.4,59.4,41
595,54,4023831,T,C,GGT→GGC,G,tatD,GTGGCGATTGGTGAATGTGGCCTCGACTTTAACCGCAACTT,AAGTTGCGGTTAAAGTCGAGGCCACATTCACCAATCGCCAC,64.4,64.4,41
597,54,4039775,T,A,intergenic,,intergenic,GGGTAGTTTGACTGGGGCGGACTCCTCCTAAAGAGTAACGG,CCGTTACTCTTTAGGAGGAGTCCGCCCCAGTCAAACTACCC,66.4,66.4,41
597,54,4040602,T,A,intergenic,,intergenic,GCGCCGATGGTAGTGTGGGGACTCCTCATGCGAGAGTAGGG,CCCTACTCTCGCATGAGGAGTCCCCACACTACCATCGGCGC,69.4,69.4,41
607,55,4113791,C,T,GAG→GAA,E,fpr,TGTTTCGTCATCTGCCGGGTTTCTTTCAGCAACTGTTGTGT,ACACAACAGTTGCTGAAAGAAACCCGGCAGATGACGAAACA,62.4,62.4,41
609,55,4127357,G,A,GTC→GTT,V,yiiX,TCGAAAACGGCTTGTGGCGAAACCACCGTTTCCTCAAGCGG,CCGCTTGAGGAAACGGTGGTTTCGCCACAAGCCGTTTTCGA,66.4,66.4,41
615,55,4161398,C,T,GTC→GTT,V,fabR,AGTGTGATCCGCACCTCGGTTTCCACATTTATGGAGTTCAT,ATGAACTCCATAAATGTGGAAACCGAGGTGCGGATCACACT,62.4,62.4,41
616,56,4170896,T,A,intergenic,,intergenic,GGGTAGTTTGACTGGGGCGGACTCCTCCTAAAGAGTAACGG,CCGTTACTCTTTAGGAGGAGTCCGCCCCAGTCAAACTACCC,66.4,66.4,41
616,56,4171722,T,A,intergenic,,intergenic,GCGCCGATGGTAGTGTGGGGACTCCCCATGCGAGAGTAGGG,CCCTACTCTCGCATGGGGAGTCCCCACACTACCATCGGCGC,70.4,70.4,41
619,56,4189329,G,A,GAG→GAA,E,rpoC,TCCGCGGCATCGTTCCAGGAAACCACTCGCGTGCTGACCGA,TCGGTCAGCACGCGAGTGGTTTCCTGGAACGATGCCGCGGA,69.4,69.4,41
620,56,4196247,T,A,intergenic,,intergenic,CGCGGATCCCGAATAAACGGACTCAGCCAGTTAAGGCACTC,GAGTGCCTTAACTGGCTGAGTCCGTTTATTCGGGATCCGCG,66.4,66.4,41
622,56,4212298,T,A,intergenic,,intergenic,GGGTAGTTTGACTGGGGCGGACTCCTCCTAAAGAGTAACGG,CCGTTACTCTTTAGGAGGAGTCCGCCCCAGTCAAACTACCC,66.4,66.4,41
622,56,4213125,T,A,intergenic,,intergenic,GCGCCGATGGTAGTGTGGGGACTCCCCATGCGAGAGTAGGG,CCCTACTCTCGCATGGGGAGTCCCCACACTACCATCGGCGC,70.4,70.4,41
626,56,4241762,G,A,GTC→GTT,V,xylE,ATCGCAAACTGGTTAAAAGAAACCAGTTTCCCGCGAATATG,CATATTCGCGGGAAACTGGTTTCTTTTAACCAGTTTGCGAT,60.4,60.4,41
627,57,4246283,G,A,CTC→TTA,L,malE,TTTCTTACCGACTTCAGCGAAACCGTTATAGCCTTTATCGC,GCGATAAAGGCTATAACGGTTTCGCTGAAGTCGGTAAGAAA,61.4,61.4,41
629,57,4257734,G,A,intergenic,,intergenic,TGGCTGTAACATATCTCTGAAACCGCGATGCCGCCTGGCGT,ACGCCAGGCGGCATCGCGGTTTCAGAGATATGTTACAGCCA,66.4,66.4,41
630,57,4265912,G,A,GAG→GAA,E,alr,TATGGTCACGGTCTTCTTGAAACCGCGCGAACGCTCCCCGA,TCGGGGAGCGTTCGCGCGGTTTCAAGAAGACCGTGACCATA,67.4,67.4,41
632,57,4280020,C,T,GTC→GTT,V,yjcE,CTGATAATGACCCTCGTGGTTTCGCTGTCCGGGGTGGTCAC,GTGACCACCCCGGACAGCGAAACCACGAGGGTCATTATCAG,67.4,67.4,41
634,57,4289816,T,A,TCT→AGT,S,nrfC,AAGGAGCAGCCATGACCTGGACTCGTCGCCAGTTTCTCACC,GGTGAGAAACTGGCGACGAGTCCAGGTCATGGCTGCTCCTT,67.4,67.4,41
634,57,4292767,C,T,GTC→GTT,V,nrfE,TTTGCCGCTGGGGTCGTGGTTTCCAGCGTCAGCCGTCAGGA,TCCTGACGGCTGACGCTGGAAACCACGACCCCAGCGGCAAA,69.4,69.4,41
635,57,4299369,T,A,intergenic,,intergenic,GTGACGACTTTTTTCATCGGACTCGCTCCAGTTAATCAAAT,ATTTGATTAACTGGAGCGAGTCCGATGAAAAAAGTCGTCAC,60.4,60.4,41
648,58,4386639,G,A,CTC→TTA,L,mscM,TTCCTGCAAACCAAAACCGAAACCAACACCGAGCGCGGCAA,TTGCCGCGCTCGGTGTTGGTTTCGGTTTTGGTTTGCAGGAA,65.4,65.4,41
650,59,4400772,C,T,GTC→GTT,V,hflX,CAGGAGTTTGAATCTCTGGTTTCTTCCGCCGGTGTCGAAGC,GCTTCGACACCGGCGGAAGAAACCAGAGATTCAAACTCCTG,65.4,65.4,41
665,60,4498366,C,T,GTC→GTT,V,insC6,TTTGAACCGGGGATGACGGTTTCCCTCGTTGCCCGGCAACA,TGTTGCCGGGCAACGAGGGAAACCGTCATCCCCGGTTCAAA,67.4,67.4,41
666,60,4508188,C,T,GAC→GAT,D,insO,CCTGATATTTGCTCTGGAGATCATTTCATCTCCAGCTTTTC,GAAAAGCTGGAGATGAAATGATCTCCAGAGCAAATATCAGG,60.4,60.4,41
667,60,4511663,G,A,CTC→TTA,L,fecD,CATCATATGCGGCACCACGAAACCAATAAAGCTAATCGGGC,GCCCGATTAGCTTTATTGGTTTCGTGGTGCCGCATATGATG,63.4,63.4,41
667,60,4513729,C,T,GAG→GAA,E,fecB,AGCACGCTGCCGGTCCAGGTTTCCTGAGTATGCAGGTTGAA,TTCAACCTGCATACTCAGGAAACCTGGACCGGCAGCGTGCT,66.4,66.4,41
667,60,4516598,G,A,CTC→TTA,L,fecA,AGCAAAAGCGGAAAACGAGAAACCGGCCAGCGGCAGCAGGC,GCCTGCTGCCGCTGGCCGGTTTCTCGTTTTCCGCTTTTGCT,68.4,68.4,41
668,60,4517908,C,T,GAG→GAA,E,fecI,CTGTCGAGGAGTTGTAGGGTTTCGAGTTGGCTTTCGCGTTC,GAACGCGAAAGCCAACTCGAAACCCTACAACTCCTCGACAG,65.4,65.4,41
668,60,4523930,G,C,TCT→AGT,S,yjhG,CCCGATCCAGCTCGTCCGGACACCAACCCATTCCGGCATTC,GAATGCCGGAATGGGTTGGTGTCCGGACGAGCTGGATCGGG,69.4,69.4,41
669,60,4526873,T,A,AGA→CGT,R,sgcR,ATCTGTTTGATACGGTCAGGACTCTGTTGGCTCATCAGAAA,TTTCTGATGAGCCAACAGAGTCCTGACCGTATCAAACAGAT,61.4,61.4,41
669,60,4528503,C,T,GAG→GAA,E,sgcQ,CGGTGTTGATGACGGATGGTTTCACCGACGTTAGTGTCCCA,TGGGACACTAACGTCGGTGAAACCATCCGTCATCAACACCG,65.4,65.4,41
669,60,4529202,T,A,GGA→GGT,G,sgcC,ATCAACGTCCTGACCAGGTCACCGCGGTGGATAACCGTAGC,GCTACGGTTATCCACCGCGGTGACCTGGTCAGGACGTTGAT,67.4,67.4,41
674,61,4567442,G,A,GTC→GTT,V,mdtM,CAGCGGCCGATTTCGACCGAAACCGACATCACCATCAGGAT,ATCCTGATGGTGATGTCGGTTTCGGTCGAAATCGGCCGCTG,66.4,66.4,41
675,61,4574379,G,A,intergenic,,intergenic,TTGATTATTGCCGCAGGAGAAACCAGCGAGGCAGGTTATAC,GTATAACCTGCCTCGCTGGTTTCTCCTGCGGCAATAATCAA,63.4,63.4,41
676,61,4582922,C,T,GAG→GAA,E,hsdM,TATTCCGCTTCCTGACCGGTTTCTTTACACATTTTCAAAAA,TTTTTGAAAATGTGTAAAGAAACCGGTCAGGAAGCGGAATA,58.4,58.4,41
