type,direction,sequence,tm,tile,position,note
amplification,fwd,GGTCTCAAATAAATTCACCCTTCGTCTTGCGTTGAT,56.0,495,0,Tile 495 amplification forward
amplification,rev,GGTCTCAAGTTTTAGTGTTGTTTCAGTTTATCTTTA,47.8,495,0,Tile 495 amplification reverse
amplification,fwd,GGTCTCAAACTTTGTCCGGGCAATTAGCATGTGC,57.1,496,1,Tile 496 amplification forward
amplification,rev,GGTCTCAGCTTATGAAGCAAATTCGTCTGCTGGCG,57.4,496,1,Tile 496 amplification reverse
amplification,fwd,GGTCTCAAAGCTAGGGAATTCCTTCACGACAACCTG,57.7,497,2,Tile 497 amplification forward
amplification,rev,GGTCTCATTATTTAAACTTCCAGCCAGTTCATAATA,51.1,497,2,Tile 497 amplification reverse
amplification,fwd,GGTCTCAATAAGCGAGGTAACAATGAATTCGCCAG,57.4,498,3,Tile 498 amplification forward
amplification,rev,GGTCTCAGAATTCACAAGTAGACTACGCTTATCACA,54.4,498,3,Tile 498 amplification reverse
mutagenic,fwd,TCCCTGCCGGAAGAGCGAGAAACCTGGAAATTCCTGGAATG,65.4,498,3,BsaI at 3362530 (yhcA)
mutagenic,rev,CATTCCAGGAATTTCCAGGTTTCTCGCTCTTCCGGCAGGGA,65.4,498,3,BsaI at 3362530 (yhcA)
amplification,fwd,GGTCTCAATTCTAACAATGCCGGACAGGAGTACTAT,56.0,499,4,Tile 499 amplification forward
amplification,rev,GGTCTCAACATTTTTATCTGCGTTACATTAATTTTT,46.2,499,4,Tile 499 amplification reverse
amplification,fwd,GGTCTCAATGTACATCCCGTTTGAATTATTTATAAG,49.5,500,5,Tile 500 amplification forward
amplification,rev,GGTCTCAGTGTTAGTCGGGGAGGGAGAGAAGAG,58.6,500,5,Tile 500 amplification reverse
mutagenic,fwd,ACGCACAGCGTAGTAAAAGAAACCGCCAGCGTCTGGTTCTC,65.4,500,5,BsaI at 3379178 (zapE)
mutagenic,rev,GAGAACCAGACGCTGGCGGTTTCTTTTACTACGCTGTGCGT,65.4,500,5,BsaI at 3379178 (zapE)
amplification,fwd,GGTCTCAACACTCATTTAATCTGGTGTCTCATTGTT,51.1,501,6,Tile 501 amplification forward
amplification,rev,GGTCTCAAAGTATGGGTATTTTCTCCATTGCTAACC,54.4,501,6,Tile 501 amplification reverse
amplification,fwd,GGTCTCAACTTCGTGATTAACCAAACTCACGCAGG,57.4,502,7,Tile 502 amplification forward
amplification,rev,GGTCTCAATCTGTGAGGCGATTGCCGGGG,57.2,502,7,Tile 502 amplification reverse
amplification,fwd,GGTCTCAAGATCCGTCACTCCTTGTCTGCTAAAAAT,56.0,503,8,Tile 503 amplification forward
amplification,rev,GGTCTCATGCTTCACCGTAGCAGATGATTTTTGCGC,57.7,503,8,Tile 503 amplification reverse
amplification,fwd,GGTCTCAAGCAAAATTAGTGCAGTTCGTTTCCTTTG,52.8,504,9,Tile 504 amplification forward
amplification,rev,GGTCTCAATTATTATTTTTCCTGAAGACCGAGTTTT,51.1,504,9,Tile 504 amplification reverse
amplification,fwd,GGTCTCATAATGACTGCTAAAGCGTCAAAAGGCC,57.1,505,10,Tile 505 amplification forward
amplification,rev,GGTCTCAGATAATGGCAAAAAGAACCAAAGCCGAAG,56.0,505,10,Tile 505 amplification reverse
amplification,fwd,GGTCTCATATCGATTAATTATTCAGGAAATAAATAT,44.6,506,11,Tile 506 amplification forward
amplification,rev,GGTCTCATGTATTCGCGCTTTTTAGCCCCGCTTT,57.1,506,11,Tile 506 amplification reverse
mutagenic,fwd,GGGGTAATGGGAGGAATGGTTTCTGCAACGTTGCTGGCAAT,64.4,506,11,BsaI at 3418064 (acrF)
mutagenic,rev,ATTGCCAGCAACGTTGCAGAAACCATTCCTCCCATTACCCC,64.4,506,11,BsaI at 3418064 (acrF)
amplification,fwd,GGTCTCATACAAGAACTGGATGGCGCTACCGTC,58.6,507,12,Tile 507 amplification forward
amplification,rev,GGTCTCAGTAAGATACAGGGTGACAGCCCCG,57.9,507,12,Tile 507 amplification reverse
mutagenic,fwd,TCCCTACTCTCGCATGGGGAAACCCCACACTACCATCGGCG,68.4,507,12,BsaI at 3423454 (intergenic)
mutagenic,rev,CGCCGATGGTAGTGTGGGGTTTCCCCATGCGAGAGTAGGGA,68.4,507,12,BsaI at 3423454 (intergenic)
mutagenic,fwd,TCCCTACTCTCGCATGGGGAAACCCCACACTACCATCGGCG,68.4,507,12,BsaI at 3423699 (intergenic)
mutagenic,rev,CGCCGATGGTAGTGTGGGGTTTCCCCATGCGAGAGTAGGGA,68.4,507,12,BsaI at 3423699 (intergenic)
mutagenic,fwd,TCCGTTACTCTTTAGGAGGAAACCGCCCCAGTCAAACTACC,64.4,507,12,BsaI at 3424525 (intergenic)
mutagenic,rev,GGTAGTTTGACTGGGGCGGTTTCCTCCTAAAGAGTAACGGA,64.4,507,12,BsaI at 3424525 (intergenic)
amplification,fwd,GGTCTCATTACGCGCGCCTTTCCAGACGC,57.2,508,13,Tile 508 amplification forward
amplification,rev,GGTCTCAAGAAATGGTCGATACAGAAATTTGGCTGC,56.0,508,13,Tile 508 amplification reverse
amplification,fwd,GGTCTCATTCTCCTTATCTCCCTGCCATAAGCAG,57.1,509,14,Tile 509 amplification forward
amplification,rev,GGTCTCATTCACCCACTTATCTACAATAGCTGTACT,54.4,509,14,Tile 509 amplification reverse
